PLACEID,CHANGETYPE,ATTRIBUTENAME,PRIMARYCATEGORY,CATEGORYSYSTEMTYPE,ID,PREVIOUSCATEGORYSYSTEMTYPE,PREVIOUSID
0361r4ve-6f763117c80709588369f8643e59eef0,UPDATE,CATEGORY,TRUE,navteq-lcms,700-7400-0293,navteq-lcms,500-5000-0053
036r3gxf-967bfab711b04de4b31dfd6923805977,UPDATE,CATEGORY,TRUE,navteq-lcms,600-6300-0068,navteq-lcms,500-5000-0053
036r3gx2-3aff261be5c2835fea9a56cab35b566e,UPDATE,CATEGORY,TRUE,navteq-lcms,900-9300-0221,navteq-lcms,500-5000-0053
036r3gx2-2e0d5971cda59de161a95435a3d1e546,UPDATE,CATEGORY,TRUE,navteq-lcms,700-7250-0136,navteq-lcms,500-5000-0053
036r3gx2-0d1682b56ec84714b02b463fd457ae1e,UPDATE,CATEGORY,TRUE,navteq-lcms,700-7400-0147,navteq-lcms,300-3000-0000
0363d1e9-34da38e69379678da0ab9aa1108d18d9,UPDATE,CATEGORY,TRUE,navteq-lcms,550-5520-0000,navteq-lcms,300-3000-0000
036r3gr3-838f3dd8d28e6fe01a0832f18827eec3,UPDATE,CATEGORY,TRUE,navteq-lcms,550-5520-0000,navteq-lcms,300-3000-0000
036r3grm-76efb09b2a7e6b06b2eafa70e6f6a35b,UPDATE,CATEGORY,TRUE,navteq-lcms,800-8600-0191,navteq-lcms,300-3000-0000
036r3grm-05790b704970d2554cfd5510c244b279,UPDATE,CATEGORY,TRUE,navteq-lcms,800-8200-0295,navteq-lcms,300-3000-0000
036ba99f-3d1559de28541e9a537c570a6c488659,UPDATE,CATEGORY,TRUE,navteq-lcms,400-4100-0045,navteq-lcms,300-3000-0000
036r652n-6060c3a60d2f918a6ba6f3028f69e059,UPDATE,CATEGORY,TRUE,navteq-lcms,550-5510-0202,navteq-lcms,300-3000-0000
036r3gqm-75b6ac1a9d882e7f664fa83537ce12d6,UPDATE,CATEGORY,TRUE,navteq-lcms,800-8600-0191,navteq-lcms,300-3000-0000
036d408k-16f35bdf9bfd06faa435d7118af29b2a,UPDATE,CATEGORY,TRUE,navteq-lcms,800-8600-0191,navteq,300-3000-0000
036r3gx2-4d4b362a6c1d3f032907534bf91cd01d,UPDATE,CATEGORY,TRUE,navteq-lcms,400-4100-0044,navteq-lcms,300-3000-0000
036r3gqz-832e65727131f0e99fdf4e48396a8184,UPDATE,CATEGORY,TRUE,navteq-lcms,700-7851-0117,navteq-lcms,300-3000-0000
036r3grd-2b1b62296f4d424b8111bed932fd376c,UPDATE,CATEGORY,TRUE,navteq-lcms,550-5520-0000,navteq-lcms,300-3000-0000
036r3gx3-f3bc11b34b584549804d8d6b9fa87678,UPDATE,CATEGORY,TRUE,navteq-lcms,300-3000-0025,navteq-lcms,300-3000-0000
036r3gx2-32cf10f881cd4d96813cccab58b7d762,UPDATE,CATEGORY,TRUE,navteq-lcms,600-6200-0063,navteq-lcms,300-3000-0000
036r3gx8-7bcc14947ae3deae125adeaed74048d1,UPDATE,CATEGORY,TRUE,navteq-lcms,800-8200-0295,navteq-lcms,300-3000-0000
036r3gx2-da9d32d98d7649330b90a116e496da1e,UPDATE,CATEGORY,TRUE,navteq-lcms,300-3000-0025,navteq-lcms,300-3000-0000
036d408k-4e06b6b0eef60ad8cb089ba9ef01aa80,UPDATE,CATEGORY,TRUE,navteq-lcms,550-5510-0202,navteq-lcms,300-3000-0000
036r3gx2-8da00f117286443c655c7468865d1b6e,UPDATE,CATEGORY,true ,navteq-lcms,300-3000-0025,navteq-lcms,300-3000-0000
036r3gx2-e8cf54fc4f57be360214dd704b1c3eb0,UPDATE,CATEGORY,TRUE,navteq-lcms,300-3000-0025,navteq-lcms,300-3000-0000
036r3gqr-83eed1177252458d9973a6ef2cdb3570,UPDATE,CATEGORY,TRUE,navteq-lcms,600-6900-0094,navteq-lcms,300-3000-0000
036r3gx1-af97ecb45b772992659300257556d1b6,UPDATE,CATEGORY,TRUE,navteq-lcms,300-3000-0025,navteq-lcms,300-3000-0000
036r3gx2-57eab5846a4d4951ae8d62fb5ab2b318,UPDATE,CATEGORY,TRUE,navteq-lcms,700-7400-0133,navteq-lcms,300-3000-0000
036r3gr5-09535e3ca2cd8cda4588a7c44c1c77ca,UPDATE,CATEGORY,TRUE,navteq-lcms,700-7400-0133,navteq-lcms,300-3000-0000
036r3gx2-f619bc13c8f317099f7594a6e5dd7bc8,UPDATE,CATEGORY,TRUE,navteq-lcms,700-7400-0133,navteq-lcms,300-3000-0000
036r6584-780869a4e5bf41f89fbf2b32c3631b42,UPDATE,CATEGORY,TRUE,navteq-lcms,800-8600-0183,navteq-lcms,300-3000-0000
,UPDATE,CATEGORY,TRUE,navteq-lcms,700-7250-0136,navteq-lcms,300-3000-0000
036r3gqr-f8f650ace9e12db61ab2e16ea91e2178,UPDATE,CATEGORY,TRUE,navteq-lcms,550-5520-0000,navteq-lcms,300-3000-0000
036r3gxf-a6bbfcd06278fe82055dcd65d709ae74,UPDATE,CATEGORY,TRUE,navteq-lcms,800-8600-0191,navteq-lcms,300-3000-0000
036r3gqu-0aef16d529f94655b70ce23ec3235157,UPDATE,,TRUE,navteq-lcms,550-5520-0000,navteq-lcms,300-3000-0000
036r3gx2-7ba69ea511bd4a6ca960f4936a18915b,UPDATE,CATEGORY,TRUE,navteq-lcms,300-3000-0023,navteq-lcms,300-3000-0000
036r3gx2-5283e70bb5c84ba9af9c856e7a268ff7,UPDATE,CATEGORY,TRUE,navteq-lcms,300-3000-0025,navteq-lcms,300-3000-0000
0363f14f-10bee24f05585ca53a290453fa3ec481,UPDATE,CATEGORY,TRUE,navteq-lcms,300-3100-0000,navteq-lcms,300-3000-0000
036a9437-1d7980c5821d734d047eee95a5dbc4aa,UPDATE,CATEGORY,TRUE,navteq-lcms,200-2000-0011,navteq-lcms,300-3000-0000
0368e36e-ea110e79a0a3220197c45034b84b9450,UPDATE,CATEGORY,TRUE,navteq-lcms,600-6900-0094,navteq-lcms,300-3000-0000
036r3gx2-87c321d980ba4ce91dbf07ce106be82f,UPDATE,CATEGORY,TRUE,navteq-lcms,300-3000-0000,navteq-lcms,550-5520-0000
036r3gqy-5d79a87ba79fd2a57d4fec3993ac42dc,UPDATE,CATEGORY,TRUE,navteq-lcms,550-5510-0202,navteq-lcms,550-5520-0000
036r3gx1-0f132cc3dbe0c02e4c35c0e2a672e98a,UPDATE,CATEGORY,TRUE,navteq-lcms,300-3000-0000,navteq-lcms,550-5520-0000
036r3gx0-8489876cc7da86f18d0195c34cd5a2f7,UPDATE,CATEGORY,TRUE,navteq-lcms,700-7250-0136,navteq-lcms,550-5520-0000
036r3gx2-891448dea484a476b228d736280aaf33,UPDATE,CATEGORY,TRUE,navteq-lcms,550-5510-0242,navteq-lcms,550-5520-0000
036r3gx9-9890773f494d4c2685f15f493dc01eb9,UPDATE,CATEGORY,TRUE,navteq-lcms,550-5510-0202,navteq-lcms,550-5520-0000
036r3gnj-2cd22ee2ab66bdc87e5047add670cd4d,UPDATE,CATEGORY,TRUE,navteq-lcms,550-5510-0202,navteq-lcms,550-5520-0000
036r3grg-305bcfd08e15806ca22c31f3b7b0e02d,UPDATE,CATEGORY,TRUE,navteq-lcms,550-5510-0203,navteq-lcms,550-5520-0000
03609d01-9a7d3aa3eb77e8acb14c413d3cb0c905,UPDATE,CATEGORY,TRUE,navteq-lcms,800-8200-0295,navteq-lcms,550-5520-0000
036r3gwc-5146c7e1625517362c6f1d387fb37c9e,UPDATE,CATEGORY,TRUE,navteq-lcms,550-5510-0202,navteq-lcms,550-5520-0000
036r3gqq-5698334009d348758eb2abc59de9fb10,UPDATE,CATEGORY,TRUE,navteq-lcms,700-7250-0136,navteq-lcms,550-5520-0000
036r3gx2-df3b9505a18811e0e3da4aaedc9a39a4,UPDATE,CATEGORY,TRUE,navteq-lcms,550-5510-0202,navteq-lcms,550-5520-0000
036r3gpv-358d819f47314fdfa7637ed4575bdb90,UPDATE,CATEGORY,TRUE,navteq-lcms,550-5510-0202,navteq-lcms,550-5520-0000
036r3gx4-8fb1f4cfd296b8bf3c03991713839008,UPDATE,CATEGORY,TRUE,navteq-lcms,300-3000-0023,navteq-lcms,550-5520-0000
036r3gx2-a5ce928a1d24ae33af8acfb63fc995a8,UPDATE,CATEGORY,TRUE,navteq-lcms,300-3000-0023,navteq-lcms,550-5520-0000
036r3grm-725ee26e8b4726a4900992ee40e604d3,UPDATE,CATEGORY,TRUE,navteq-lcms,550-5510-0203,navteq-lcms,550-5520-0000
036r3gx2-aa2b4123e653be668abc375c295a89e3,UPDATE,CATEGORY,TRUE,navteq-lcms,300-3000-0023,navteq-lcms,550-5520-0000
036r6587-e6b62a1b6989fabd30573ff04c4cbb5c,UPDATE,CATEGORY,TRUE,navteq-lcms,700-7250-0136,navteq-lcms,550-5520-0000
036r3gx0-9c952c843168a6cf84426215732d332d,UPDATE,CATEGORY,TRUE,navteq-lcms,800-8100-0164,navteq-lcms,550-5520-0000
036r652j-59f358ddefeb552994c37697029b31a9,UPDATE,CATEGORY,TRUE,navteq-lcms,550-5510-0202,navteq-lcms,550-5520-0000
036r3gqw-73d3fb5c66c3a0a9b87787a766e7b7df,UPDATE,CATEGORY,TRUE,navteq-lcms,550-5510-0202,navteq-lcms,550-5520-0000
036r3gqz-f4f90500618f4291a958f7fb09eeeebc,UPDATE,CATEGORY,TRUE,navteq-lcms,550-5510-0202,navteq-lcms,550-5520-0000
036r652x-7343d2e70bfdace7ee77ae96817dc389,UPDATE,CATEGORY,TRUE,navteq-lcms,Tourist Attraction,navteq-lcms,550-5520-0000
036r3gqq-7d1b875f01cc4b2b81120b848256fd17,UPDATE,CATEGORY,TRUE,navteq-lcms,550-5510-0202,navteq-lcms,550-5520-0000
036r3gx4-ee104b498712d8c01fe58f6743b5f491,UPDATE,CATEGORY,TRUE,navteq-lcms,300-3000-0023,navteq-lcms,550-5520-0000
036d408k-f851b1dbfc4c002134cbc42eed886c4f,UPDATE,CATEGORY,TRUE,navteq-lcms,700-7200-0270,navteq-lcms,550-5520-0000
036r3gx3-7cdba976d3f74d59975f3152c3db3ca9,UPDATE,CATEGORY,TRUE,navteq-lcms,550-5510-0242,navteq-lcms,550-5520-0000
036r3gpx-73c2651c3aff40935ec741ccc715a95e,UPDATE,CATEGORY,TRUE,navteq-lcms,550-5510-0203,navteq-lcms,550-5520-0000
036r3grk-ceebff3fbc6bd01704155cbabf236eeb,UPDATE,CATEGORY,TRUE,navteq-lcms,550-5510-0203,navteq-lcms,550-5520-0000
036r3gx0-d46bda4e82cc47c0a16da89da9fd1e9e,UPDATE,CATEGORY,TRUE,navteq-lcms,550-5510-0202,navteq-lcms,550-5520-0000
036r6524-1d0a94c69b6ce56baf7873736327d92b,UPDATE,CATEGORY,TRUE,navteq-lcms,800-8200-0295,navteq-lcms,550-5520-0000
036r3gx6-babc6b162d1d28a273cea0afd8c17736,UPDATE,CATEGORY,TRUE,navteq-lcms,550-5510-0202,navteq-lcms,550-5520-0000
036d408k-f86ddff2873e056d5da92a2c89dc96a0,UPDATE,CATEGORY,TRUE,navteq-lcms,300-3000-0023,navteq-lcms,550-5520-0000
036r3gx2-6b1fab3663769c5d29c9dbaad69b9d7e,UPDATE,CATEGORY,TRUE,navteq-lcms,300-3000-0023,navteq-lcms,550-5520-0000
036r3gnm-1c777621ea8b3c2bfc1162ded83219a2,UPDATE,CATEGORY,TRUE,navteq-lcms,550-5510-0202,navteq-lcms,550-5520-0000
036r650p-22164868b0434fc0c869fed13784617c,UPDATE,CATEGORY,TRUE,navteq-lcms,550-5510-0203,navteq-lcms,550-5520-0000
036r650p-2dc7826998771ac170ad1c6fdfe1885a,UPDATE,CATEGORY,TRUE,navteq-lcms,550-5510-0203,navteq-lcms,550-5520-0000
036r3gq9-eada173a070990b419dc6a4b2af57f1e,UPDATE,CATEGORY,TRUE,navteq-lcms,550-5510-0202,navteq-lcms,550-5520-0000
036r3gx6-3d2f173bf8b1e53196e1005843303189,UPDATE,CATEGORY,TRUE,navteq-lcms,300-3000-0023,navteq-lcms,550-5520-0000
036r3grr-9f619014361db7285faa487229b45b0d,UPDATE,CATEGORY,TRUE,navteq-lcms,550-5510-0202,navteq-lcms,550-5520-0000
036r3grx-ade1e763da57c214b6ddf3ee2f313149,UPDATE,CATEGORY,TRUE,navteq-lcms,550-5510-0202,navteq-lcms,550-5520-0000
036r3gxf-7e48abff4896bb0514778981b36424fd,UPDATE,CATEGORY,TRUE,navteq-lcms,700-7400-0141,navteq-lcms,550-5520-0000
036r3gre-c055674ac69dc2ad9764b5a1dd01498a,UPDATE,CATEGORY,TRUE,navteq-lcms,550-5510-0203,navteq-lcms,550-5520-0000
036r3gnq-692688100f40c873b9d693909c60693d,UPDATE,CATEGORY,TRUE,navteq-lcms,550-5510-0202,navteq-lcms,550-5520-0000
036r6525-3d0f07e16347428aa88d50e62397dbb3,UPDATE,CATEGORY,TRUE,navteq-lcms,800-8600-0191,navteq-lcms,550-5520-0000
036r3gqh-485b8db7baa4f87f9f8cd06e778d4314,UPDATE,CATEGORY,TRUE,navteq-lcms,550-5510-0202,navteq-lcms,550-5520-0000
036r3gqr-3b11c40db9a1e4fc68a9f68172da16fa,UPDATE,CATEGORY,TRUE,navteq-lcms,300-3000-0023,navteq-lcms,550-5520-0000
036r6584-1804bd651461e11d9c05dbe8a89fc565,UPDATE,CATEGORY,TRUE,navteq-lcms,300-3000-0023,navteq-lcms,550-5520-0000
036r3gqz-db97f38cd4582d7b1bd5a31cecffb3f6,UPDATE,CATEGORY,TRUE,navteq-lcms,550-5510-0202,navteq-lcms,550-5520-0000
036r3gx0-1ba8f04b6c064bbb9a8d4a1d87ccfd90,UPDATE,CATEGORY,TRUE,navteq-lcms,550-5510-0202,navteq-lcms,550-5520-0000
036r3gqx-fa18ae7688719c4059969de6ab28d1e3,UPDATE,CATEGORY,TRUE,navteq-lcms,550-5510-0202,navteq-lcms,550-5520-0000
036r3gxf-16f6ae3704c04da98d278081c9db6193,UPDATE,CATEGORY,TRUE,navteq-lcms,550-5510-0202,navteq-lcms,550-5520-0000
036r3gx1-8b12757a9baec86811252daaecf84bfd,UPDATE,CATEGORY,TRUE,navteq-lcms,550-5510-0202,navteq-lcms,550-5520-0000
036r3gru-ee61d0ed7f46a545eb0c170a82699d28,UPDATE,CATEGORY,TRUE,navteq-lcms,550-5510-0202,navteq-lcms,550-5520-0000
036r3gr7-21c6ea0036315df04f112dfd95216c99,UPDATE,CATEGORY,TRUE,navteq-lcms,550-5510-0203,navteq-lcms,550-5520-0000
036r3gx9-23e410b65077c7f7768a19df46aed93b,UPDATE,CATEGORY,TRUE,navteq-lcms,300-3000-0023,navteq-lcms,550-5520-0000
036r652n-cdc7dab7675c4dc59df22889ef496b29,UPDATE,CATEGORY,TRUE,navteq-lcms,550-5510-0206,navteq-lcms,550-5520-0000
036r3gx6-159e51d6698ea07f8e97c05024705928,UPDATE,CATEGORY,TRUE,navteq-lcms,300-3000-0023,navteq-lcms,550-5520-0000
036r3grd-ad59e0cb9f48b283c44cc28c66b658c7,UPDATE,CATEGORY,TRUE,navteq-lcms,550-5510-0203,navteq-lcms,550-5520-0000
036r3grf-8b4d2a397be2be0865abf7d5d11c0eac,UPDATE,CATEGORY,TRUE,navteq-lcms,550-5510-0203,navteq-lcms,550-5520-0000
036r3gr7-d6447516f1c86d4570503780467586d8,UPDATE,CATEGORY,TRUE,navteq-lcms,550-5510-0203,navteq-lcms,550-5520-0000
036r3gx2-e157d3bf3ff81c0cc8289fd958e0bc09,UPDATE,CATEGORY,TRUE,navteq-lcms,300-3000-0023,navteq-lcms,550-5520-0000
036r3gx2-64c05330e98a50b601a56d1d4af1d4ce,UPDATE,CATEGORY,TRUE,navteq-lcms,550-5510-0202,navteq-lcms,550-5520-0000
036r3gre-a6e4889b614744f3ac68c92c5495d72e,UPDATE,CATEGORY,TRUE,navteq-lcms,550-5510-0202,navteq-lcms,550-5520-0000
036r3gqk-26ea7dc93d544cdd2bcdfa0000b08ea5,UPDATE,CATEGORY,TRUE,navteq-lcms,550-5510-0202,navteq-lcms,550-5520-0000
036r3gx4-6cd75433fcd0af63466afd9aa3ccc780,UPDATE,CATEGORY,TRUE,navteq-lcms,550-5510-0202,navteq-lcms,550-5520-0000
0363a116-3b74c8a429198bd1c7baca70ace9865a,UPDATE,CATEGORY,TRUE,navteq-lcms,550-5510-0202,navteq-lcms,550-5520-0000
036r3grk-f65728bcdcda4773b7d0b8a15366120f,UPDATE,CATEGORY,TRUE,navteq-lcms,550-5510-0203,navteq-lcms,550-5520-0000
036r3gxf-3bebf72a04dd4fe899436d318752fb3d,UPDATE,CATEGORY,TRUE,navteq-lcms,550-5510-0202,navteq-lcms,550-5520-0000
036r6524-89c0c620b97332a72733d27a3c076818,UPDATE,CATEGORY,TRUE,navteq-lcms,800-8600-0191,navteq-lcms,550-5520-0000
036r6525-cb96edb9beea4fecbcdb4fa464eb9ab6,UPDATE,CATEGORY,TRUE,navteq-lcms,,navteq-lcms,550-5520-0000
036r3grp-77667f41884795655d4c38611faee5d6,UPDATE,CATEGORY,TRUE,navteq-lcms,300-3000-0023,navteq-lcms,550-5520-0000
036r3gxb-ce2acf7929fa76fc0ccbe396407b85bd,UPDATE,CATEGORY,TRUE,navteq-lcms,300-3000-0023,navteq-lcms,550-5520-0000
036r3grk-8aac79e60dc7bd2df5d0e22445a38b0a,UPDATE,CATEGORY,TRUE,navteq-lcms,550-5510-0202,navteq-lcms,550-5520-0000
036r3grx-ba85ca0231f3881e8b8f56fda6aa8ce8,UPDATE,CATEGORY,TRUE,navteq-lcms,550-5510-0202,navteq-lcms,550-5520-0000
036r3gx0-11f472ae758a412f89643578372c577b,UPDATE,CATEGORY,TRUE,navteq-lcms,700-7400-0147,navteq-lcms,550-5520-0000
036r3gw9-5aa1b653a176e9e73f66d7aac540705e,UPDATE,CATEGORY,TRUE,navteq-lcms,550-5510-0202,navteq-lcms,550-5520-0000
036r3grk-b2913618e6ab4caf180adae142387479,UPDATE,CATEGORY,TRUE,navteq-lcms,550-5510-0203,navteq-lcms,550-5520-0000
036r6525-2631da4655a95d7c621cbac20d2d700b,UPDATE,CATEGORY,TRUE,navteq-lcms,550-5510-0202,navteq-lcms,550-5520-0000
036r3grq-61c43076b3b9ed7458cee2bb97cc2b15,UPDATE,CATEGORY,TRUE,navteq-lcms,550-5510-0202,navteq-lcms,550-5520-0000
036r3gx9-4be26b5c5df7ffc0654e80e927290585,UPDATE,CATEGORY,TRUE,navteq-lcms,550-5520-0207,navteq-lcms,550-5520-0000
036r3gxc-c1d7d85291927c7d4837f0a697e64f03,UPDATE,CATEGORY,TRUE,navteq-lcms,300-3000-0023,navteq-lcms,550-5520-0000
036r3gr7-6d32afbb13e8f0a8f62d0b095531fa90,UPDATE,CATEGORY,TRUE,navteq-lcms,550-5510-0203,navteq-lcms,550-5520-0000
036r3gqq-739dd19ee11745f6cc60c5d63f7ad62c,UPDATE,CATEGORY,TRUE,navteq-lcms,800-8600-0180,navteq-lcms,550-5520-0000
036r3gqv-e84cf8896f964c8229efe97a0c6198b9,UPDATE,CATEGORY,TRUE,navteq-lcms,550-5510-0202,navteq-lcms,550-5520-0000
036r3gqm-ec69ed68c6f743e0b7a63c6fe3833bcd,UPDATE,CATEGORY,TRUE,navteq-lcms,550-5510-0202,navteq-lcms,550-5520-0000
036r650j-fbc2cf928724081a3264b821ee1d7781,UPDATE,CATEGORY,TRUE,navteq-lcms,550-5510-0202,navteq-lcms,550-5520-0000
036r3grg-a503bdff26f098b133d8cf0529bfd421,UPDATE,CATEGORY,TRUE,navteq-lcms,550-5510-0203,navteq-lcms,550-5520-0000
036r6587-0b42829281487ff5b585cbe7bbaf16fd,UPDATE,CATEGORY,TRUE,navteq-lcms,300-3000-0023,navteq-lcms,550-5520-0000
036r6521-520c7f9478fd73ff227c18b1395e00e9,UPDATE,CATEGORY,TRUE,navteq-lcms,550-5510-0202,navteq-lcms,550-5520-0000
036r6521-64aa214882b8a775ce6a72589a6030b8,UPDATE,CATEGORY,TRUE,navteq-lcms,550-5510-0202,navteq-lcms,550-5520-0000
036r3grk-b59c24c35b3a57790a950e50611434a5,UPDATE,CATEGORY,TRUE,navteq-lcms,550-5510-0203,navteq-lcms,550-5520-0000
036r3gx1-fbab1511b3015b360c75a39c027b414a,UPDATE,CATEGORY,TRUE,navteq-lcms,200-2200-0020,navteq-lcms,550-5520-0000
036r3gr7-3895013e4a516e5858f5ab095cf139bb,UPDATE,CATEGORY,TRUE,navteq-lcms,550-5510-0203,navteq-lcms,550-5520-0000
036r3grg-e9d814e543bdab829feb8bb5b3f7bbb9,UPDATE,CATEGORY,TRUE,navteq-lcms,550-5510-0203,navteq-lcms,550-5520-0000
036r6521-c7880728a81e5f73e698592bbd2f9865,UPDATE,CATEGORY,TRUE,navteq-lcms,550-5510-0202,navteq-lcms,550-5520-0000
036r3grd-f3b09b36dce15b2bc6ebf2510e624ea6,UPDATE,CATEGORY,TRUE,navteq-lcms,550-5510-0203,navteq-lcms,550-5520-0000
036r3gxf-f47c265eec6b16f74e78731e24c8a135,UPDATE,CATEGORY,TRUE,navteq-lcms,300-3000-0023,navteq-lcms,550-5520-0000
036r3gxb-6cd7b03989354301b94a0c8e84e8cab1,UPDATE,CATEGORY,TRUE,navteq-lcms,550-5510-0202,navteq-lcms,550-5520-0000
036r3gqy-eeebdde2a9b2420aa9e9c6e7a168521b,UPDATE,CATEGORY,TRUE,navteq-lcms,800-8200-0295,navteq-lcms,550-5520-0000
036aabd1-49ad7f7cc29101e05032f97e067a9749,UPDATE,CATEGORY,TRUE,navteq-lcms,300-3000-0023,navteq-lcms,550-5520-0000
036r3gqp-ea38015ab5d045f1a4ade52f3772efd3,UPDATE,CATEGORY,TRUE,navteq-lcms,300-3000-0023,navteq-lcms,550-5520-0000
036r3gx0-c707a64135c0a586c096946a783179d4,UPDATE,CATEGORY,TRUE,navteq-lcms,550-5510-0202,navteq-lcms,550-5520-0000
036r3gqf-18f2060fe10b453696a18acb633faa79,UPDATE,CATEGORY,TRUE,navteq-lcms,550-5510-0202,navteq-lcms,550-5520-0000
036r3grr-9e933ba75449443fa153ac7fdac65eec,UPDATE,CATEGORY,TRUE,navteq-lcms,700-7250-0136,navteq-lcms,550-5520-0000
036r3gx3-b1ae5880406fc63067cf177c5dca448d,UPDATE,CATEGORY,TRUE,navteq-lcms,800-8400-0000,navteq-lcms,550-5520-0000
036r3gre-2ddd430c75e1bf534685d6a65f9326df,UPDATE,CATEGORY,TRUE,navteq-lcms,550-5510-0202,navteq-lcms,550-5520-0000
036r3gqg-5ebde20d869c5f4cfb4266de5aafabe6,UPDATE,CATEGORY,TRUE,navteq-lcms,550-5510-0203,navteq-lcms,550-5520-0000
036917a2-a4b1f5d6b1c772167d469006f2186ba2,UPDATE,CATEGORY,TRUE,navteq-lcms,550-5510-0202,navteq-lcms,550-5520-0000
036r3gxc-d3b93d897f34108d7764b773fc719b00,UPDATE,CATEGORY,TRUE,navteq-lcms,550-5510-0202,navteq-lcms,550-5520-0000
036r3gru-eb87e8ee643d4a3994cec8bd49b60fb6,UPDATE,CATEGORY,TRUE,navteq-lcms,800-8600-0191,navteq-lcms,550-5520-0000
036r3gx2-a04f97faea031f0022c65954acab38ed,UPDATE,CATEGORY,TRUE,navteq-lcms,700-7400-0133,navteq-lcms,550-5520-0000
036r6584-5372b323f1c0f084f3db9d9962eaedc7,UPDATE,CATEGORY,TRUE,navteq-lcms,550-5510-0203,navteq-lcms,550-5520-0000
036r3gx2-c4787892306743bc9983f15ed69f658e,UPDATE,CATEGORY,TRUE,navteq-lcms,300-3000-0023,navteq-lcms,550-5520-0000
036r3gr5-0a0c13aac3784c0e8b9b23192e5ee3cc,UPDATE,CATEGORY,TRUE,navteq-lcms,600-6500-0072,navteq-lcms,550-5520-0000
036r3gre-8c91abe357cadc65a3dd7dce8929678c,UPDATE,CATEGORY,TRUE,navteq-lcms,550-5510-0202,navteq-lcms,550-5520-0000
036r3grq-fd00cf21d85e116375b3042baef4458c,UPDATE,CATEGORY,TRUE,navteq-lcms,800-8600-0192,navteq-lcms,550-5520-0000
036r3gx2-752805d244f830ba24cc7a9ef5dd2ba1,UPDATE,CATEGORY,TRUE,navteq-lcms,300-3000-0000,navteq-lcms,550-5520-0000
036r3gx1-d503f44444ac03f89d28a10a0542566d,UPDATE,CATEGORY,TRUE,navteq-lcms,800-8600-0192,navteq-lcms,550-5520-0000
036r3gre-9990347a730445e1a67510db6b1b33d8,UPDATE,CATEGORY,TRUE,navteq-lcms,550-5510-0202,navteq-lcms,550-5520-0000
036r3gqs-f38d524999f3d6f69fbe3621ce9e4d5c,UPDATE,CATEGORY,TRUE,navteq-lcms,300-3000-0023,navteq-lcms,550-5520-0000
036r3gqg-e54f68f00d9898b75a8864b1c7738f99,UPDATE,CATEGORY,TRUE,navteq-lcms,550-5510-0203,navteq-lcms,550-5520-0000
036r3grn-47ccc0720bd950dd9ce5b8af177a70f5,UPDATE,CATEGORY,TRUE,navteq-lcms,550-5510-0203,navteq-lcms,550-5520-0000
036r652x-ac5233b3eb5ae7767739c7df404aba22,UPDATE,CATEGORY,TRUE,navteq-lcms,700-7250-0136,navteq-lcms,550-5520-0000
036r3gx8-eaa6ffe51aee45ea9e5109e1928db7e7,UPDATE,CATEGORY,TRUE,navteq-lcms,700-7250-0136,navteq-lcms,550-5520-0000
036r3gx2-7a3c476bb3525ba338f82ae17fdb49b8,UPDATE,CATEGORY,TRUE,navteq-lcms,800-8600-0000,navteq-lcms,550-5520-0000
036r3gre-e7ac70d2558cc73ef219e3623f3f86df,UPDATE,CATEGORY,TRUE,navteq-lcms,550-5510-0203,navteq-lcms,550-5520-0000
036r3gqt-881c5e86e4e74873a4f2df773bc0824d,UPDATE,CATEGORY,TRUE,navteq-lcms,550-5510-0202,navteq-lcms,550-5520-0000
036r3gpv-4556248126e83ee3da0f2b04a79c7dc0,UPDATE,CATEGORY,TRUE,navteq-lcms,550-5510-0203,navteq-lcms,550-5520-0000
036r3gqy-405083cd1e468a0ada9bc8e6a25c1553,UPDATE,CATEGORY,TRUE,navteq-lcms,300-3000-0023,navteq-lcms,550-5520-0000
036r3grs-00e62459d1bc0b6315f28258fa7174de,UPDATE,CATEGORY,TRUE,navteq-lcms,700-7250-0136,navteq-lcms,550-5520-0000
036r3gxd-a58d0d2b3549b2aa8055b584fb897882,UPDATE,CATEGORY,TRUE,navteq-lcms,900-9200-0299,navteq-lcms,550-5520-0000
036r3gx8-16b843d901b6a90f5a87c9e98c70b012,UPDATE,CATEGORY,TRUE,navteq-lcms,550-5510-0202,navteq-lcms,550-5520-0000
036r3grs-43bf883036577cbfe64aa751deac57d8,UPDATE,CATEGORY,TRUE,navteq-lcms,550-5510-0203,navteq-lcms,550-5520-0000
036r3grd-9b0fc84a090643e517f3cdc1b4cfffe8,UPDATE,CATEGORY,TRUE,navteq-lcms,550-5510-0203,navteq-lcms,550-5520-0000
036r3gr7-fa429761749c85117266ba657c331a57,UPDATE,CATEGORY,TRUE,navteq-lcms,550-5510-0203,navteq-lcms,550-5520-0000
036r3gpu-3623a02ae67e4db2a32d4904dd4b869f,UPDATE,CATEGORY,TRUE,navteq-lcms,300-3000-0023,navteq-lcms,550-5520-0000
036r3gqz-a68d48d8a673647af84610450f747031,UPDATE,CATEGORY,TRUE,navteq-lcms,550-5510-0202,navteq-lcms,550-5520-0000
036r3gx2-a1e4d71a87fcb121af894000f79521e3,UPDATE,CATEGORY,TRUE,navteq-lcms,700-7400-0133,navteq-lcms,550-5520-0000
036r652n-7ad1864d76c2429eb36a3b5f68e0be1b,UPDATE,CATEGORY,TRUE,navteq-lcms,550-5510-0202,navteq-lcms,550-5520-0000
036r3gpw-bb2f77c9627630e140e17be865eabc25,UPDATE,CATEGORY,TRUE,navteq-lcms,550-5510-0202,navteq-lcms,550-5520-0000
036r3gx2-662274ea95ac43f0b90c488d83757472,UPDATE,CATEGORY,TRUE,navteq-lcms,300-3000-0023,navteq-lcms,550-5520-0000
036r3gxc-4103dccaec946c4cafd664c2f5aa4f35,UPDATE,CATEGORY,TRUE,navteq-lcms,550-5510-0202,navteq-lcms,550-5520-0000
036r3gqz-d7ff41c17507edf014578b73d3839690,UPDATE,CATEGORY,TRUE,navteq-lcms,550-5510-0202,navteq-lcms,550-5520-0000
036r3gpy-297a3b84c11e2633ec99e3ddb9fdb5c6,UPDATE,CATEGORY,TRUE,navteq-lcms,300-3000-0000,navteq-lcms,550-5520-0000
036r3grx-7a1d6586170914d7b5ba59336cf7f4dc,UPDATE,CATEGORY,TRUE,navteq-lcms,800-8600-0191,navteq-lcms,550-5520-0000
036r3gwf-c38980c211cf77ec2061ba9cf02419ef,UPDATE,CATEGORY,TRUE,navteq-lcms,300-3000-0023,navteq-lcms,550-5520-0000
036r6580-862c7a7c1cb5f49d73219ee528b93ee5,UPDATE,CATEGORY,TRUE,navteq-lcms,550-5510-0202,navteq-lcms,550-5520-0000
036r3gr7-1c006fa297199b3bef66596e71019997,UPDATE,CATEGORY,TRUE,navteq-lcms,550-5510-0203,navteq-lcms,550-5520-0000
036r3grn-46bbc2f34f3341b984a96a20264a1fe8,UPDATE,CATEGORY,TRUE,navteq-lcms,550-5510-0202,navteq-lcms,550-5520-0000
036r3gx2-b96668e187ed4732a5822cfadedf623d,UPDATE,CATEGORY,TRUE,navteq-lcms,700-7250-0136,navteq-lcms,550-5520-0000
036r3gr5-f53435f0f6eef5b4542aabf13d4da04b,UPDATE,CATEGORY,TRUE,navteq-lcms,550-5510-0202,navteq-lcms,550-5520-0000
036r3gx1-11000b1d3b6fe748f0be78053fbe2a47,UPDATE,CATEGORY,TRUE,navteq-lcms,550-5510-0202,navteq-lcms,550-5520-0000
036r6521-5c9b32780fc547ba7ffafc029d19bed7,UPDATE,CATEGORY,TRUE,navteq-lcms,550-5510-0203,navteq-lcms,550-5520-0000
036r3gqf-ab0bf8f28702010c7f2961a871a73dae,UPDATE,CATEGORY,TRUE,navteq-lcms,550-5510-0202,navteq-lcms,550-5520-0000
036r3gx3-5b70f3398a83f21e4829eaf7a04883d6,UPDATE,CATEGORY,TRUE,navteq-lcms,550-5510-0202,navteq-lcms,550-5520-0000
036r3gre-cf0ecb9bd38fc8afc6de574df41e6f14,UPDATE,CATEGORY,TRUE,navteq-lcms,300-3000-0023,navteq-lcms,550-5520-0000
036r652h-316f325fd83107b251a1b1756d817639,UPDATE,CATEGORY,TRUE,navteq-lcms,300-3000-0000,navteq-lcms,550-5520-0000
036r3gx2-a89611e50eb0cf1d9c17e0428494a5f4,UPDATE,CATEGORY,TRUE,navteq-lcms,700-7250-0136,navteq-lcms,550-5520-0000
036r650j-52b5c3f6eb56d08bd249d687e3bcc24a,UPDATE,CATEGORY,TRUE,navteq-lcms,550-5510-0202,navteq-lcms,550-5520-0000
036r3gx2-4e49041982c084c57b7a1e8a879d1475,UPDATE,CATEGORY,TRUE,navteq-lcms,700-7400-0133,navteq-lcms,550-5520-0000
036r3gx2-0c3a6a92720453183a1fc4f2d1a02ba2,UPDATE,CATEGORY,TRUE,navteq-lcms,300-3000-0000,navteq-lcms,550-5520-0000
036r3gxf-2309e7c6f69a4c1db0095899e2596f87,UPDATE,CATEGORY,TRUE,navteq-lcms,550-5510-0202,navteq-lcms,550-5520-0000
036r3gxd-41062769350e81a9a0120153eed00bae,UPDATE,CATEGORY,TRUE,navteq-lcms,800-8300-0175,navteq-lcms,550-5520-0000
036r3gxf-5779086e26714a82ba593b2cd4c002ad,UPDATE,CATEGORY,TRUE,navteq-lcms,550-5510-0202,navteq-lcms,550-5520-0000
036r652p-9083c39f9cb111582e86661a5d081258,UPDATE,CATEGORY,TRUE,navteq-lcms,550-5510-0202,navteq-lcms,550-5520-0000
036r3gx2-3144abc4ffd0dd7a24b4b910dc6a3756,UPDATE,CATEGORY,TRUE,navteq-lcms,700-7250-0136,navteq-lcms,550-5520-0000
036r3grf-6ce68ae601d584d79e9b5ea2b87308a3,UPDATE,CATEGORY,TRUE,navteq-lcms,700-7400-0286,navteq-lcms,550-5520-0000
036r3gqs-cd01c9984d484d96b655a80b72674cc9,UPDATE,CATEGORY,TRUE,navteq-lcms,550-5510-0202,navteq-lcms,550-5520-0000
036r3gw2-030e2d45f3a4e5e78691cc96d3c8cdda,UPDATE,CATEGORY,TRUE,navteq-lcms,300-3000-0023,navteq-lcms,550-5520-0000
036r3gw9-c954ee1e14941d9f041d58d6b9bc3ad9,UPDATE,CATEGORY,TRUE,navteq-lcms,300-3000-0023,navteq-lcms,550-5520-0000
036r3gqc-a39af36de62655e28f9fc8099f28c126,UPDATE,CATEGORY,TRUE,navteq-lcms,550-5510-0203,navteq-lcms,550-5520-0000
036r3grx-342263867dbd398ea2ed93e130884147,UPDATE,CATEGORY,TRUE,navteq-lcms,300-3000-0023,navteq-lcms,550-5520-0000
036r3gqv-f5bda45729bd4a12a76e686ebec6fe85,UPDATE,CATEGORY,TRUE,navteq-lcms,700-7250-0136,navteq-lcms,550-5520-0000
036r3gx2-cc373bade4e0d9cb60cf391e7535f1cc,UPDATE,CATEGORY,TRUE,navteq-lcms,550-5520-0207,navteq-lcms,550-5520-0000
036r3gw9-e31432b7b7c144e7a9bf80fe2ad9d32c,UPDATE,CATEGORY,TRUE,navteq-lcms,300-3000-0000,navteq-lcms,550-5520-0000
036r3gx2-05166d93e49dfb6a1546e59a59d33a19,UPDATE,CATEGORY,TRUE,navteq-lcms,550-5510-0202,navteq-lcms,550-5520-0000
036r3gqn-b8272d2246852d0e458ddae7a6c04fcf,UPDATE,CATEGORY,TRUE,navteq-lcms,550-5510-0202,navteq-lcms,550-5520-0000
036r3gx2-95c854320730bd42d734d8376d2738e0,UPDATE,CATEGORY,TRUE,navteq-lcms,300-3000-0024,navteq-lcms,550-5520-0000
036r3grh-f4aeb4be8416fc2f3570c35f25e9dd6e,UPDATE,CATEGORY,TRUE,navteq-lcms,550-5510-0203,navteq-lcms,550-5520-0000
036r3gpv-bb3f52aff0c647275eb557b3f18a0670,UPDATE,CATEGORY,TRUE,navteq-lcms,550-5510-0203,navteq-lcms,550-5520-0000
036r3gnn-f390f21b1db5a5e4d9bb59c3b51f16cb,UPDATE,CATEGORY,TRUE,navteq-lcms,550-5510-0204,navteq-lcms,550-5520-0000
036r3gx2-1a46e6f0fd259cf019f2b9d4720d6f43,UPDATE,CATEGORY,TRUE,navteq-lcms,300-3000-0025,navteq-lcms,550-5520-0000
036r3gqw-95807205a22938b65da7f20ca65af805,UPDATE,CATEGORY,TRUE,navteq-lcms,550-5510-0202,navteq-lcms,550-5520-0000
036r3grx-9b02c5301ad0cbd6510f02de598e1d85,UPDATE,CATEGORY,TRUE,navteq-lcms,300-3000-0023,navteq-lcms,550-5520-0000
036r3gx2-c0cfe2ef1d7ad3bc01846310605e7be5,UPDATE,CATEGORY,TRUE,navteq-lcms,800-8200-0295,navteq-lcms,550-5520-0000
036r3gx1-c8286c521d2223a0825c44a8a34c5d65,UPDATE,CATEGORY,TRUE,navteq-lcms,550-5510-0202,navteq-lcms,550-5520-0000
036r3grq-cf70d0ed1a16c7c23ae8fd66dd16f7d4,UPDATE,CATEGORY,TRUE,navteq-lcms,550-5510-0202,navteq-lcms,550-5520-0000
0368lxx5-12c1cd0ea590077d840a39ca67f4e957,UPDATE,CATEGORY,TRUE,navteq-lcms,300-3000-0023,navteq-lcms,550-5520-0000
036r3gqz-2fc65ae78e8e7c59eb9680bec33d9294,UPDATE,CATEGORY,TRUE,navteq-lcms,800-8600-0192,navteq-lcms,550-5520-0000
036r6582-d1641ead3514c3b7a6d5c4395cba86ce,UPDATE,CATEGORY,TRUE,navteq-lcms,550-5510-0202,navteq-lcms,550-5520-0000
036r3gx3-b9cb6cd8b048420ab84a9870363f1f25,UPDATE,CATEGORY,TRUE,navteq-lcms,550-5510-0202,navteq-lcms,550-5520-0000
036r3gx8-bf48c5b02f0f849ae0c288667f0ddafb,UPDATE,CATEGORY,TRUE,navteq-lcms,550-5510-0202,navteq-lcms,550-5520-0000
036r3gx0-081dec97949a2fd5615ba1ab35fc2af0,UPDATE,CATEGORY,TRUE,navteq-lcms,200-2000-0017,navteq-lcms,550-5520-0000
036r3grk-41e040a81b3ac7211286e169a4a2d112,UPDATE,CATEGORY,TRUE,navteq-lcms,700-7250-0136,navteq-lcms,550-5520-0000
036r3gx1-b549195f32a7c5746e4a9801d2d3516a,UPDATE,CATEGORY,TRUE,navteq-lcms,550-5510-0202,navteq-lcms,550-5520-0000
036httek-db4acc04ed2703731f18fb2b45db383e,UPDATE,CATEGORY,TRUE,navteq-lcms,800-8400-0000,navteq-lcms,550-5520-0000
036r3grz-abc9ee16537a4548af3d88d198089b7e,UPDATE,CATEGORY,TRUE,navteq-lcms,700-7250-0136,navteq-lcms,550-5520-0000
036r3gpz-b48a21cd48554e9c06e18ca781fa8509,UPDATE,CATEGORY,TRUE,navteq-lcms,600-6900-0098,navteq-lcms,550-5520-0000
0367e3e3-7d7eaffa08778e69f69cf541e1e99bfe,UPDATE,CATEGORY,TRUE,navteq-lcms,550-5510-0202,navteq-lcms,550-5520-0000
036r3grg-da6071a89784c57597b57244a625ab7c,UPDATE,CATEGORY,TRUE,navteq-lcms,800-8600-0192,navteq-lcms,550-5520-0000
036r3gx9-2898ac1ca4c153fe4151b95b0b6d1d66,UPDATE,CATEGORY,TRUE,navteq-lcms,550-5510-0202,navteq-lcms,550-5520-0000
036r3gpt-1651bd01e64edd0d2fabd4d82577134c,UPDATE,CATEGORY,TRUE,navteq-lcms,550-5510-0202,navteq-lcms,550-5520-0000
036r3gqz-b8c99193e7b232d13fdde1adaacb5615,UPDATE,CATEGORY,TRUE,navteq-lcms,300-3000-0023,navteq-lcms,550-5520-0000
0368lxx5-be7be5b869ca0ff5a60df094355b5381,UPDATE,CATEGORY,TRUE,navteq-lcms,700-7400-0133,navteq-lcms,550-5520-0000
036r3grh-1e1ebefb41e62d145fcd2371d7670873,UPDATE,CATEGORY,TRUE,navteq-lcms,550-5510-0202,navteq-lcms,550-5520-0000
036r3gx1-43dd2385f99d2b4a6d8586c58fbbbb9a,UPDATE,CATEGORY,TRUE,navteq-lcms,550-5510-0202,navteq-lcms,550-5520-0000
036r3gx2-0a1b26527afc7f677d9ebcfee68ea271,UPDATE,CATEGORY,TRUE,navteq-lcms,600-6500-0072,navteq-lcms,550-5520-0000
036r6525-b5867d813a319e55d96f7c50cf0c8f04,UPDATE,CATEGORY,TRUE,navteq-lcms,700-7250-0136,navteq-lcms,550-5520-0000
036r3gw9-76f8d78ce1fa4d7faa1a68fb20a1e473,UPDATE,CATEGORY,TRUE,navteq-lcms,300-3000-0023,navteq-lcms,550-5520-0000
036r3grw-b081252add2e7e15d28830fcd4d738d9,UPDATE,CATEGORY,TRUE,navteq-lcms,550-5510-0202,navteq-lcms,550-5520-0000
036r3grq-7394f28c4b5e5e472b0ead19d47a1113,UPDATE,CATEGORY,TRUE,navteq-lcms,550-5510-0202,navteq-lcms,550-5520-0000
036r3grx-61bf7234cec433693ee766c8dc5db9dc,UPDATE,CATEGORY,TRUE,navteq-lcms,550-5510-0202,navteq-lcms,550-5520-0000
036r3grd-854406aafbcf0766fd473f32eda2588e,UPDATE,CATEGORY,TRUE,navteq-lcms,800-8200-0295,navteq-lcms,550-5520-0000
036r3gx1-646d443fcc9107e46f127aed8fa60607,UPDATE,CATEGORY,TRUE,navteq-lcms,300-3000-0025,navteq-lcms,550-5520-0000
036r3gr8-71d24a1b3dc1c9dad89607671509785c,UPDATE,CATEGORY,TRUE,navteq-lcms,700-7400-0152,navteq-lcms,550-5520-0000
036d408k-16e9601664e407b25db40611faf7c434,UPDATE,CATEGORY,TRUE,navteq-lcms,800-8400-0000,navteq-lcms,550-5520-0000
036r3gx0-ca2ad77f37e72d15cd9f36bb9e4c2817,UPDATE,CATEGORY,TRUE,navteq-lcms,300-3000-0000,navteq-lcms,550-5520-0000
036r3grm-945653d93afe9ba11e211ee11b9a7d34,UPDATE,CATEGORY,TRUE,navteq-lcms,550-5510-0202,navteq-lcms,550-5520-0000
036r3gwc-df1fba21d64957935e7f789c1b8864fc,UPDATE,CATEGORY,TRUE,navteq-lcms,550-5510-0202,navteq-lcms,550-5520-0000
036r3grk-5c233fb6a3aaa4e26e486b7923ece206,UPDATE,CATEGORY,TRUE,navteq-lcms,550-5510-0203,navteq-lcms,550-5520-0000
036r3gr7-06ed9cdd370f8350fa09a1bf9853b677,UPDATE,CATEGORY,TRUE,navteq-lcms,550-5510-0203,navteq-lcms,550-5520-0000
036r6586-b6dc0e2cc76b933cb71dae913c3fe5b9,UPDATE,CATEGORY,TRUE,navteq-lcms,800-8200-0295,navteq-lcms,550-5520-0000
036r3gqc-68f24004eba87fc02b395c7e368becb4,UPDATE,CATEGORY,TRUE,navteq-lcms,550-5510-0203,navteq-lcms,550-5520-0000
036r3gx2-a93c920b5ba6941ddccd823a989335ac,UPDATE,CATEGORY,TRUE,navteq-lcms,300-3000-0023,navteq-lcms,550-5520-0000
036r3gpu-52f2f9431428abd3025a54fe91cab068,UPDATE,CATEGORY,TRUE,navteq-lcms,550-5510-0203,navteq-lcms,550-5520-0000
036r652z-2abdf1e51dee227f11b8a4a98f4d1e36,UPDATE,CATEGORY,TRUE,navteq-lcms,300-3000-0023,navteq-lcms,550-5520-0000
036r3gxf-1d1b11ee06461f47eba13299904b3c61,UPDATE,CATEGORY,TRUE,navteq-lcms,300-3000-0023,navteq-lcms,550-5520-0000
036r6525-c250a9dff072483e88897cd9be1c84c6,UPDATE,CATEGORY,TRUE,navteq-lcms,550-5510-0202,navteq-lcms,550-5520-0000
036a1e1f-9b6ba21dc15543094579db18ab590a6a,UPDATE,CATEGORY,TRUE,navteq-lcms,550-5510-0202,navteq-lcms,550-5520-0000
036r3gxd-b507b619b5119521ee391e646c582093,UPDATE,CATEGORY,TRUE,navteq-lcms,300-3000-0023,navteq-lcms,550-5520-0000
036r3grp-595647e256c8458489de8d4b795c1387,UPDATE,CATEGORY,TRUE,navteq-lcms,550-5510-0202,navteq-lcms,550-5520-0000
036r6527-6e38497978d09022e125c02b023ed40f,UPDATE,CATEGORY,TRUE,navteq-lcms,550-5510-0203,navteq-lcms,550-5520-0000
036r3gr1-ce89786fa25402178ccec8f51724d21f,UPDATE,CATEGORY,TRUE,navteq-lcms,550-5510-0203,navteq-lcms,550-5520-0000
036r3gre-4cea85d175b748ad953216144d3291a2,UPDATE,CATEGORY,TRUE,navteq-lcms,550-5510-0202,navteq-lcms,550-5520-0000
036r3gqc-ae64abb17c0bfd13c95d7d19b8f86745,UPDATE,CATEGORY,TRUE,navteq-lcms,300-3000-0023,navteq-lcms,550-5520-0000
036r3gwb-60f59d58e29518abce47fd6ef4ef31e1,UPDATE,CATEGORY,TRUE,navteq-lcms,700-7250-0136,navteq-lcms,550-5520-0000
036r3gx2-61068c5d3e9edde74c7914951ad7bd1f,UPDATE,CATEGORY,TRUE,navteq-lcms,550-5510-0202,navteq-lcms,550-5520-0000
036r3gpu-d1a014f22f7f0d244c48a9d3154722de,UPDATE,CATEGORY,TRUE,navteq-lcms,550-5510-0203,navteq-lcms,550-5520-0000
036r3gw9-e01d0688db694689963ecb3eef7bc69d,UPDATE,CATEGORY,TRUE,navteq-lcms,700-7460-0115,navteq-lcms,300-3100-0000
036r3gxb-7a284dfd5fe35f0ab954acfe13b499fb,UPDATE,CATEGORY,TRUE,navteq-lcms,300-3000-0023,navteq-lcms,300-3100-0000
036r3gx3-eaf55632ca1d4b52898b79c4275713ae,UPDATE,CATEGORY,TRUE,navteq-lcms,700-7250-0136,navteq-lcms,300-3100-0000
036r3gx3-32af4178326f8cb6f772fab73f53532a,UPDATE,CATEGORY,TRUE,navteq-lcms,300-3000-0024,navteq-lcms,300-3100-0000
036r3gpy-c55286f5689e696b27fee2ad3ed3ed76,UPDATE,CATEGORY,TRUE,navteq-lcms,800-8100-0171,navteq-lcms,300-3100-0000
036r3gx8-35d9bef32c5f1edb7df3323940eece87,UPDATE,CATEGORY,TRUE,navteq-lcms,300-3000-0024,navteq-lcms,300-3100-0000
036r3gx1-e3d386d8cbacb2e61b6ddeb26c9af70d,UPDATE,CATEGORY,TRUE,navteq-lcms,300-3000-0024,navteq-lcms,300-3100-0000
036r652z-3e2a3ff0fece6a69f1df0467483ecedc,UPDATE,CATEGORY,TRUE,navteq-lcms,300-3000-0025,navteq-lcms,300-3100-0000
036r3gx3-23ddcb65b2024245b5136438ebfe0ae5,UPDATE,CATEGORY,TRUE,navteq-lcms,300-3000-0024,navteq-lcms,300-3100-0000
036r3grr-551e1e49bd9219e0629cdc2398d5f1c3,UPDATE,CATEGORY,TRUE,navteq-lcms,300-3000-0000,navteq-lcms,300-3100-0000
036r3grm-3c6ac825e1d14d80afab8a8a746b208f,UPDATE,CATEGORY,TRUE,navteq-lcms,300-3000-0000,navteq-lcms,300-3100-0000
036r3grp-dd51adc34883494db417495a1d1c2d33,UPDATE,CATEGORY,TRUE,navteq-lcms,300-3000-0024,navteq-lcms,300-3100-0000
036r3gx3-c69bb7160f044a13928f6b1b9139a1c5,UPDATE,CATEGORY,TRUE,navteq-lcms,300-3000-0025,navteq-lcms,300-3100-0000
036r3gnj-f9bacc8bd626814aefe978be28225833,UPDATE,CATEGORY,TRUE,navteq-lcms,300-3000-0025,navteq-lcms,300-3100-0000
036r3grx-3e1cc3b71f187c3eead000254dc272f0,UPDATE,CATEGORY,TRUE,navteq-lcms,300-3000-0000,navteq-lcms,300-3100-0000
036r3gr8-ca3e65f948f236f92d25ad8cd51df057,UPDATE,CATEGORY,TRUE,navteq-lcms,300-3000-0000,navteq-lcms,300-3100-0000
036r3gxc-588a3cd6d12c6d80d83a824a6a3ae618,UPDATE,CATEGORY,TRUE,navteq-lcms,300-3000-0023,navteq-lcms,300-3100-0000
036r3gx2-b394653c0b29289a0bb00f1f14806100,UPDATE,CATEGORY,TRUE,navteq-lcms,300-3000-0023,navteq-lcms,300-3100-0000
036r3gx4-eafc48a9b5e045fc8232799a8a01a288,UPDATE,CATEGORY,TRUE,navteq-lcms,300-3000-0023,navteq-lcms,300-3100-0000
036r3gx2-4588e745d2c309ab8ee728095d95ca88,UPDATE,CATEGORY,TRUE,navteq-lcms,300-3000-0025,navteq-lcms,300-3100-0000
036r3gx4-3a5e08588b4549d7935e9b636fe555e4,UPDATE,CATEGORY,TRUE,navteq-lcms,300-3000-0024,navteq-lcms,300-3100-0000
036r3gx0-c4d7bfa1ba3b0eaee1105e8dd2947ee8,UPDATE,CATEGORY,TRUE,navteq-lcms,300-3000-0025,navteq-lcms,300-3100-0000
0368lxx5-fc33f2fef6300514247bf0a3a18f1aec,UPDATE,CATEGORY,TRUE,navteq-lcms,300-3000-0024,navteq-lcms,300-3100-0000
036r3gx0-b3ad814020ac4645993a96bc7f936e86,UPDATE,CATEGORY,TRUE,navteq-lcms,300-3000-0000,navteq-lcms,300-3100-0000
036d7ec1-95669fda68424574c0f1ac91038d6ce0,UPDATE,CATEGORY,TRUE,navteq-lcms,300-3000-0000,navteq-lcms,300-3100-0000
036r3gxd-a85b32ab136ea83200f9a45d590466d5,UPDATE,CATEGORY,TRUE,navteq-lcms,300-3000-0000,navteq-lcms,300-3100-0000
036r3gqr-24434c5bb066c931f358e214f072ba81,UPDATE,CATEGORY,TRUE,navteq-lcms,300-3000-0025,navteq-lcms,300-3100-0000
036r6525-522a72d2bfa2cf3b0be96fd8f75c1da2,UPDATE,CATEGORY,TRUE,navteq-lcms,300-3100-0029,navteq-lcms,300-3100-0000
036r3gx2-5beec40c459f4bb8a7013921f27bde50,UPDATE,CATEGORY,TRUE,navteq-lcms,300-3000-0025,navteq-lcms,300-3100-0000
036r3gx3-53349a413a9868d8a4aadd24e4c1bdb6,UPDATE,CATEGORY,TRUE,navteq-lcms,300-3000-0000,navteq-lcms,300-3100-0000
036r3gx2-2888f483f60387019d9305576167eaae,UPDATE,CATEGORY,TRUE,navteq-lcms,300-3000-0000,navteq-lcms,300-3100-0000
036r3grs-79ddddda8ce9d64b09fd4f35baa94fc3,UPDATE,CATEGORY,TRUE,navteq-lcms,300-3000-0000,navteq-lcms,300-3100-0000
036r6582-854194de49c681da1f03ca42775515c4,UPDATE,CATEGORY,TRUE,navteq-lcms,300-3000-0000,navteq-lcms,300-3100-0000
036r3gx6-856f7e251c3910cb2a995a029c804e01,UPDATE,CATEGORY,TRUE,navteq-lcms,300-3000-0025,navteq-lcms,300-3100-0000
036r3gqz-d22facc093c92a89413df084085e5bf2,UPDATE,CATEGORY,TRUE,navteq-lcms,300-3100-0029,navteq-lcms,300-3100-0000
036r3grd-9c4632e262e0a146a993f91fee3310c0,UPDATE,CATEGORY,TRUE,navteq-lcms,300-3000-0000,navteq-lcms,300-3100-0000
036r3gx1-f20ee4a5f9a77a2311bb52456ebdf4b2,UPDATE,CATEGORY,TRUE,navteq-lcms,300-3000-0024,navteq-lcms,300-3100-0000
036r3gx1-d5e68fcac15647c7a6d16023ab16713b,UPDATE,CATEGORY,TRUE,navteq-lcms,300-3100-0029,navteq-lcms,300-3100-0000
036r3gx2-099451088aaaed884c7144e9b95032b4,UPDATE,CATEGORY,TRUE,navteq-lcms,300-3000-0024,navteq-lcms,300-3100-0000
036r3gx1-87292df8414f4e55b272222b8d07798a,UPDATE,CATEGORY,TRUE,navteq-lcms,300-3100-0029,navteq-lcms,300-3100-0000
036r652q-f4175d2f99f5ef5c839af1ae38aa556e,UPDATE,CATEGORY,TRUE,navteq-lcms,300-3000-0025,navteq-lcms,300-3100-0000
036r3gx2-57dc908973028f8d17223e46237a7e4b,UPDATE,CATEGORY,TRUE,navteq-lcms,300-3000-0024,navteq-lcms,300-3100-0000
036d408k-b71262ca82f70f30b4bdc68d2e4db1e4,UPDATE,CATEGORY,TRUE,navteq-lcms,300-3000-0024,navteq-lcms,300-3100-0000
036r3gx2-29007d4c64a3393bbe8dc9bd72514789,UPDATE,CATEGORY,TRUE,navteq-lcms,300-3000-0025,navteq-lcms,300-3100-0000
036r3grt-25531b2e86b6ba9f039a9fa9987255ac,UPDATE,CATEGORY,TRUE,navteq-lcms,550-5510-0242,navteq-lcms,300-3100-0000
036r3gx2-1f2d468357d1a5b89329e0038792d6ab,UPDATE,CATEGORY,TRUE,navteq-lcms,300-3000-0000,navteq-lcms,300-3100-0000
036r3gx2-2070012fb37ba6cf1c25127bfd047252,UPDATE,CATEGORY,TRUE,navteq-lcms,300-3100-0026,navteq-lcms,300-3100-0000
036r3grh-ba39082263e0a2e75f24deea8a42bae3,UPDATE,CATEGORY,TRUE,navteq-lcms,700-7250-0136,navteq-lcms,300-3100-0000
036962og-a19539507046019bed6a67c98f7c5623,UPDATE,CATEGORY,TRUE,navteq-lcms,300-3000-0000,navteq-lcms,300-3100-0000
036r3gx0-e0905222b4ecd9938f8080db0669b0e7,UPDATE,CATEGORY,TRUE,navteq-lcms,300-3100-0029,navteq-lcms,300-3100-0000
0368lxx5-1eba8a752c92070ea1f8b467729bf66e,UPDATE,CATEGORY,TRUE,navteq-lcms,300-3000-0000,navteq-lcms,300-3100-0000
036r3gre-39f2a0f6750c3e07bb6f87f6a90f4b54,UPDATE,CATEGORY,TRUE,navteq-lcms,300-3000-0025,navteq-lcms,300-3100-0000
036r3gx1-1025286428878d8aa38da0a4981dbd8c,UPDATE,CATEGORY,TRUE,navteq-lcms,200-2000-0011,navteq-lcms,300-3100-0000
036r3gx6-82742dcdec2f28d0a79441724c78f344,UPDATE,CATEGORY,TRUE,navteq-lcms,700-7460-0115,navteq-lcms,300-3100-0000
036r3gx1-37c9bebf8ca87e60cf3b76a5418212bd,UPDATE,CATEGORY,TRUE,navteq-lcms,300-3000-0000,navteq-lcms,300-3100-0000
036r3gx2-9d83c25dac3fb84783b0c51993bd6fcf,UPDATE,CATEGORY,TRUE,navteq-lcms,300-3000-0000,navteq-lcms,300-3100-0000
036r3gry-44af39454cff39b660fac748ae9a37d3,UPDATE,CATEGORY,TRUE,navteq-lcms,700-7460-0115,navteq-lcms,300-3100-0000
036r3gry-ec87693e8aaf4b36621d5912d5589d57,UPDATE,CATEGORY,TRUE,navteq-lcms,300-3000-0000,navteq-lcms,300-3100-0000
036r3grs-d3d13e24d7234eae91c25fbf9641a502,UPDATE,CATEGORY,TRUE,navteq-lcms,300-3000-0025,navteq-lcms,300-3100-0000
036r3gxf-9a73fe8bf4d53cf6b61328c638e490dc,UPDATE,CATEGORY,TRUE,navteq-lcms,700-7460-0115,navteq-lcms,300-3100-0000
036r3grt-ff7af715162418be72bd13a80ce5674b,UPDATE,CATEGORY,TRUE,navteq-lcms,700-7460-0115,navteq-lcms,300-3100-0000
036r3gx2-05343357712e74ca83ea66443a5a8301,UPDATE,CATEGORY,TRUE,navteq-lcms,300-3100-0029,navteq-lcms,300-3100-0000
036r3grs-9fe90995152bd6bbd5a98e5f2b8f2fef,UPDATE,CATEGORY,TRUE,navteq-lcms,300-3000-0000,navteq-lcms,300-3100-0000
036r3grp-99bead0f6dd22d170c805aa5184cde00,UPDATE,CATEGORY,TRUE,navteq-lcms,300-3000-0024,navteq-lcms,300-3100-0000
036r3gx3-0c9b90c41a2fab6f931eca77cfcdace0,UPDATE,CATEGORY,TRUE,navteq-lcms,300-3000-0000,navteq-lcms,300-3100-0000
036r3grp-33a7cf1730ee288b1d428abf92aa8990,UPDATE,CATEGORY,TRUE,navteq-lcms,300-3000-0000,navteq-lcms,300-3100-0000
036r3gx2-6b07beafc86c70ad8723874af17e649c,UPDATE,CATEGORY,TRUE,navteq-lcms,700-7400-0133,navteq-lcms,300-3100-0000
036r652n-0762b5bcbecff71ea09fc9c107b88cb9,UPDATE,CATEGORY,TRUE,navteq-lcms,300-3000-0025,navteq-lcms,300-3100-0000
036r3gw9-40141a194752938f63df754da5d30e5f,UPDATE,CATEGORY,TRUE,navteq-lcms,300-3000-0025,navteq-lcms,300-3100-0000
036r3grs-836a3893ae8569fe3aab734759b8a327,UPDATE,CATEGORY,TRUE,navteq-lcms,300-3000-0025,navteq-lcms,300-3100-0000
036r3gx3-7ddf1fb3c40d996b53d36775690f962c,UPDATE,CATEGORY,TRUE,navteq-lcms,300-3000-0000,navteq-lcms,300-3100-0000
036r3gru-14287cfefb951ddba930d5456994334c,UPDATE,CATEGORY,TRUE,navteq-lcms,300-3000-0000,navteq-lcms,300-3100-0000
036r3gx3-447dc45e2c624448b762fb1fd8855bcc,UPDATE,CATEGORY,TRUE,navteq-lcms,300-3100-0029,navteq-lcms,300-3100-0000
036r3grs-2e8931c5d6b8a754c88695b8dc0acc42,UPDATE,CATEGORY,TRUE,navteq-lcms,700-7460-0115,navteq-lcms,300-3100-0000
036r3grb-16d8c64360c8838e5351a8e4faa2b78a,UPDATE,CATEGORY,TRUE,navteq-lcms,900-9200-0299,navteq-lcms,300-3100-0000
036r3gx3-fb8cc385ab7349daa39bb534e9c27d0b,UPDATE,CATEGORY,TRUE,navteq-lcms,300-3000-0024,navteq-lcms,300-3100-0000
036r3gx2-bfd020f44b62f516979fe21e134580da,UPDATE,CATEGORY,TRUE,navteq-lcms,300-3000-0000,navteq-lcms,300-3100-0000
036r650n-33b7550bb294b47b39c881fb1f71c44c,UPDATE,CATEGORY,TRUE,navteq-lcms,300-3000-0000,navteq-lcms,300-3100-0000
0368lxx5-bbca787fc159049715fdd6f7d212fd56,UPDATE,CATEGORY,TRUE,navteq-lcms,300-3000-0000,navteq-lcms,300-3100-0000
036r3grm-25eab3559396fed1f7b1144d3e1498d3,UPDATE,CATEGORY,TRUE,navteq-lcms,300-3000-0000,navteq-lcms,300-3100-0000
036r3gx6-7f7b52f0811455cc1c5a9439c6ef6590,UPDATE,CATEGORY,TRUE,navteq-lcms,300-3000-0025,navteq-lcms,300-3100-0000
036r3gx3-973d97f8641e4d53a4b024a9c21f206f,UPDATE,CATEGORY,TRUE,navteq-lcms,300-3000-0000,navteq-lcms,300-3100-0000
036r3gx2-3ed7e5e944a8d5083aaab7c048c74d26,UPDATE,CATEGORY,TRUE,navteq-lcms,700-7460-0115,navteq-lcms,300-3100-0000
036r3gx2-f2244d0e7ecd2fdba2c4c47974a5cf45,UPDATE,CATEGORY,TRUE,navteq-lcms,300-3000-0025,navteq-lcms,300-3100-0000
036r3grh-c043a68f57ba94a1d732ca6583ebbb83,UPDATE,CATEGORY,TRUE,navteq-lcms,300-3000-0000,navteq-lcms,300-3100-0000
036r3gwf-8b969ccd0f9f48cf864fa60ee90958f7,UPDATE,CATEGORY,TRUE,navteq-lcms,700-7460-0115,navteq-lcms,300-3100-0000
036r3grn-07a381c27d53c1c3af6c6564ec54f9c8,UPDATE,CATEGORY,TRUE,navteq-lcms,300-3000-0025,navteq-lcms,300-3100-0000
036r3grn-928f34ee6e40e134d318bcdabbf1e9f0,UPDATE,CATEGORY,TRUE,navteq-lcms,300-3000-0024,navteq-lcms,300-3100-0000
036r3gqy-bbcaa2a8fc2d4146ad1ce084185fd421,UPDATE,CATEGORY,TRUE,navteq-lcms,300-3000-0024,navteq-lcms,300-3100-0000
0368lxx5-f23ddaeee5da0fd2a597bf1439238da8,UPDATE,CATEGORY,TRUE,navteq-lcms,300-3000-0000,navteq-lcms,300-3100-0000
036r3gx0-a47f610efb1a522470b9ecfd7eabe789,UPDATE,CATEGORY,TRUE,navteq-lcms,300-3000-0000,navteq-lcms,300-3100-0000
036r3gx2-1bb9720372fb40aa9fddde867cdf5dbd,UPDATE,CATEGORY,TRUE,navteq-lcms,300-3000-0000,navteq-lcms,300-3100-0000
036r3gx2-d47d5fb807af36888976ee0c1ee48b30,UPDATE,CATEGORY,TRUE,navteq-lcms,700-7250-0136,navteq-lcms,300-3100-0000
036r3gx0-19471f2c7dde4ebf83f7df8c12426b01,UPDATE,CATEGORY,TRUE,navteq-lcms,300-3000-0024,navteq-lcms,300-3100-0000
036r3gx0-fe8e1efab74c4ff89591f27bb18ed2d2,UPDATE,CATEGORY,TRUE,navteq-lcms,300-3000-0024,navteq-lcms,300-3100-0000
036r3gx2-7b9d2b3471df435da58dc27cc47536fb,UPDATE,CATEGORY,TRUE,navteq-lcms,300-3000-0023,navteq-lcms,300-3100-0000
036r3gx2-eba23bda0d2475dc19493e22d84d3ba6,UPDATE,CATEGORY,TRUE,navteq-lcms,300-3000-0000,navteq-lcms,300-3100-0000
036r3grz-4e02c6f1e021cea6249d54fb534abc86,UPDATE,CATEGORY,TRUE,navteq-lcms,300-3000-0000,navteq-lcms,300-3100-0000
036r3grs-f9f0a37abc1f7eba77aedd5dcbb0f98d,UPDATE,CATEGORY,TRUE,navteq-lcms,300-3000-0000,navteq-lcms,300-3100-0000
036r3gx2-587352854eb7e68ed39921e81d2f01df,UPDATE,CATEGORY,TRUE,navteq-lcms,300-3000-0025,navteq-lcms,300-3100-0000
036r3gx2-1fb1efb359bd49eeb8445fa82bf8fdc7,UPDATE,CATEGORY,TRUE,navteq-lcms,300-3000-0000,navteq-lcms,300-3100-0000
036r3gx2-1685e1c9da1b5d42aa17f3677a4be950,UPDATE,CATEGORY,TRUE,navteq-lcms,550-5520-0207,navteq-lcms,300-3100-0000
036r3gx3-8be9a3d24235ee83ee06a5f50676006b,UPDATE,CATEGORY,TRUE,navteq-lcms,300-3000-0024,navteq-lcms,300-3100-0000
036r3gx2-b660b46a06dfea481be4dd1faaa9efb7,UPDATE,CATEGORY,TRUE,navteq-lcms,300-3000-0000,navteq-lcms,300-3100-0000
036r3gx6-8d3562b9e598420cbcc56e92b049f1bf,UPDATE,CATEGORY,TRUE,navteq-lcms,300-3000-0000,navteq-lcms,300-3100-0000
036r3grr-7db7c8b57da920187f48e524ba0a173b,UPDATE,CATEGORY,TRUE,navteq-lcms,300-3000-0000,navteq-lcms,300-3100-0000
036r3grw-0cc01143d4894fd3b05977421688cd80,UPDATE,CATEGORY,TRUE,navteq-lcms,300-3000-0024,navteq-lcms,300-3100-0000
036r3gx9-72c7861ec3271fd5f87edf17882f6a10,UPDATE,CATEGORY,TRUE,navteq-lcms,300-3000-0000,navteq-lcms,300-3100-0000
036r3grs-62c4b1d9a133fe3e74fa41e349fdd9e0,UPDATE,CATEGORY,TRUE,navteq-lcms,300-3000-0000,navteq-lcms,300-3100-0000
036r3gx2-af379998427192a4f76b317f74e56325,UPDATE,CATEGORY,TRUE,navteq-lcms,300-3000-0023,navteq-lcms,300-3100-0000
036r3gx6-d08a1a88cc52dfe63e4e3afaa79b6e5f,UPDATE,CATEGORY,TRUE,navteq-lcms,300-3000-0000,navteq-lcms,300-3100-0000
036aabd1-35d5530a2d0b0e5ec61c4c0a787e85ab,UPDATE,CATEGORY,TRUE,navteq-lcms,700-7400-0133,navteq-lcms,300-3100-0000
036r3gx1-e317277a125349c3667476d46b5498b7,UPDATE,CATEGORY,TRUE,navteq-lcms,300-3000-0023,navteq-lcms,300-3100-0000
036r3grx-b670fa9e0cc9011e6ee672e367f4a761,UPDATE,CATEGORY,TRUE,navteq-lcms,300-3000-0023,navteq-lcms,300-3100-0000
036r3gx0-0821911232b643d6db1c2468b1622d4e,UPDATE,CATEGORY,TRUE,navteq-lcms,300-3000-0000,navteq-lcms,300-3100-0000
036r6586-d998bb0179b4c18543a278abe581055e,UPDATE,CATEGORY,TRUE,navteq-lcms,300-3000-0000,navteq-lcms,300-3100-0000
036r3gr5-10214831bc34d939792618e247409241,UPDATE,CATEGORY,TRUE,navteq-lcms,550-5510-0202,navteq-lcms,300-3100-0000
036r3gx3-2b385c25abf042ea83ab22cb73137749,UPDATE,CATEGORY,TRUE,navteq-lcms,300-3000-0024,navteq-lcms,300-3100-0000
036r3gx2-5e1a5886d112b4945c4d67286f1479f3,UPDATE,CATEGORY,TRUE,navteq-lcms,300-3000-0000,navteq-lcms,300-3100-0000
036r3gxf-9dcf39a4122b73bdcd38a79ef434fe93,UPDATE,CATEGORY,TRUE,navteq-lcms,300-3000-0024,navteq-lcms,300-3100-0000
036r3gqs-bced2f8116c122cb8a4bcd39cbbd86fe,UPDATE,CATEGORY,TRUE,navteq-lcms,300-3000-0023,navteq-lcms,300-3100-0000
036r3gx6-0c2d154aaec908e7aafe5c580de3e56a,UPDATE,CATEGORY,TRUE,navteq-lcms,300-3000-0025,navteq-lcms,300-3100-0000
036jx7ps-6ef562e86b81093ba2c498231774aba8,UPDATE,CATEGORY,TRUE,navteq-lcms,300-3000-0024,navteq-lcms,300-3100-0000
036r3gqr-41ff860654837ba74c5d5597799b5509,UPDATE,CATEGORY,TRUE,navteq-lcms,300-3000-0023,navteq-lcms,300-3100-0000
036r3gx0-4fa139d257b21ecefea5fc0062f7f383,UPDATE,CATEGORY,TRUE,navteq-lcms,300-3000-0000,navteq-lcms,300-3100-0000
036r3gx6-0c1900c6fa588ed12f0237dbbeea67ae,UPDATE,CATEGORY,TRUE,navteq-lcms,300-3000-0000,navteq-lcms,300-3100-0000
036r6525-e221086c2af326cc3953222256c3d337,UPDATE,CATEGORY,TRUE,navteq-lcms,300-3000-0024,navteq-lcms,300-3100-0000
036r3gwb-e5b93dd37ce22f5537a87ffd331e596f,UPDATE,CATEGORY,TRUE,navteq-lcms,800-8200-0295,navteq-lcms,300-3100-0000
036r3gxd-f544a29208edecddf38e330c3e9ccc8f,UPDATE,CATEGORY,TRUE,navteq-lcms,300-3000-0023,navteq-lcms,300-3100-0000
036r3gxd-1943f4b15a0f7d36d21bf99c6e24bd92,UPDATE,CATEGORY,TRUE,navteq-lcms,300-3000-0000,navteq-lcms,300-3100-0000
036r3gxd-2f60887ac4b84affb56c52a029106418,UPDATE,CATEGORY,TRUE,navteq-lcms,300-3000-0024,navteq-lcms,300-3100-0000
036r3gqt-5d133f1713924c8586f77080c58f5eca,UPDATE,CATEGORY,TRUE,navteq-lcms,300-3000-0024,navteq-lcms,300-3100-0000
036r3gx2-449cc6e348dd45538e5ad80fcc224b3b,UPDATE,CATEGORY,TRUE,navteq-lcms,300-3000-0025,navteq-lcms,300-3100-0000
036r3grk-556ba6483518ba121c84a819c4808a32,UPDATE,CATEGORY,TRUE,navteq-lcms,300-3000-0000,navteq-lcms,300-3100-0000
036r3grv-87c3b6c88fdcde1e0a45daff6b304fcb,UPDATE,CATEGORY,TRUE,navteq-lcms,300-3000-0024,navteq-lcms,300-3100-0000
036r3gx9-4ed2daff623049f1da2212728901efb5,UPDATE,CATEGORY,TRUE,navteq-lcms,300-3000-0023,navteq-lcms,300-3100-0000
036r3grv-94816f898e4a46c98413b7e02855a45f,UPDATE,CATEGORY,TRUE,navteq-lcms,300-3000-0000,navteq-lcms,300-3100-0000
036r3grm-6074998bd9df484bba3ee429c437ad36,UPDATE,CATEGORY,TRUE,navteq-lcms,550-5520-0000,navteq-lcms,300-3100-0000
036r3gx2-5f33ee41abd53545e74c5de3a3ecdd50,UPDATE,CATEGORY,TRUE,navteq-lcms,300-3000-0023,navteq-lcms,300-3100-0000
036r3gx8-a2645f480fcc8bf4a2920fae120732a8,UPDATE,CATEGORY,TRUE,navteq-lcms,300-3000-0000,navteq-lcms,300-3100-0000
036r3gx0-e060ff0c3159d0bb9f8c096b029f082d,UPDATE,CATEGORY,TRUE,navteq-lcms,300-3000-0024,navteq-lcms,300-3100-0000
036aabd1-25a56d5d8885067f171dd01db754314b,UPDATE,CATEGORY,TRUE,navteq-lcms,500-5000-0053,navteq-lcms,300-3100-0000
036r3grs-ad748d4f8eea4162bd1fe7cc22651e5d,UPDATE,CATEGORY,TRUE,navteq-lcms,300-3000-0024,navteq-lcms,300-3100-0000
036r3gqy-a1abe3c079ca2da67e57991e7ccb3897,UPDATE,CATEGORY,TRUE,navteq-lcms,300-3000-0025,navteq-lcms,300-3100-0000
036r3gx0-d14aa351f8f58c04cb13742b566b151e,UPDATE,CATEGORY,TRUE,navteq-lcms,300-3000-0024,navteq-lcms,300-3100-0000
036805d9-88cd0e2ff84023e0c8d14c075c6420ff,UPDATE,CATEGORY,TRUE,navteq-lcms,800-8200-0000,navteq-lcms,800-8000-0157
036cca97-261897f0556764be0130889e5c20c222,UPDATE,CATEGORY,TRUE,navteq-lcms,900-9300-0221,navteq-lcms,800-8000-0157
036fe153-dc5888d0c0640f2a79f9df959fa4fb17,UPDATE,CATEGORY,TRUE,navteq-lcms,500-5000-0053,navteq-lcms,800-8000-0157
036r3grs-47f87366a67b4bf3b055c15208942d9a,UPDATE,CATEGORY,TRUE,navteq-lcms,900-9300-0221,navteq-lcms,800-8000-0157
0366013c-c62df20a4e6eda0ddde94660dbea2e4f,UPDATE,CATEGORY,TRUE,navteq-lcms,800-8000-0158,navteq-lcms,800-8000-0157
036r3gqy-c17b9fc5bf644777bc911537a177c72e,UPDATE,CATEGORY,TRUE,navteq-lcms,550-5520-0000,navteq-lcms,800-8000-0157
036r3gxf-9b9d46a5984839e46308effad5e5f628,UPDATE,CATEGORY,TRUE,navteq-lcms,800-8500-0177,navteq-lcms,800-8500-0000
036r3grk-60dee395c5814a89b2c71c82c7533875,UPDATE,CATEGORY,TRUE,navteq-lcms,400-4100-0348,navteq-lcms,800-8500-0000
036r3grv-ccb942c475952855aa52eccfb7f9a771,UPDATE,CATEGORY,TRUE,navteq-lcms,800-8500-0177,navteq-lcms,800-8500-0000
036r6526-2fc79d06fa84ad8dc5a8bf2736baaccf,UPDATE,CATEGORY,TRUE,navteq-lcms,800-8500-0177,navteq-lcms,800-8500-0000
036r3gxb-e8726dfc3d49b68be1f2da37c816e449,UPDATE,CATEGORY,TRUE,navteq-lcms,400-4100-0348,navteq-lcms,800-8500-0000
036r3grk-9df2b42787554d879f9a6124e7e982a4,UPDATE,CATEGORY,TRUE,navteq-lcms,400-4100-0348,navteq-lcms,800-8500-0000
036r3gx0-82f98fed2dd7944d1434f0f636123120,UPDATE,CATEGORY,TRUE,navteq-lcms,400-4100-0348,navteq-lcms,800-8500-0000
036r3grs-e342cf80ddfe4edbf0f9cd3178fc412f,UPDATE,CATEGORY,TRUE,navteq-lcms,800-8500-0177,navteq-lcms,800-8500-0000
036r3gx8-c992a771733d79b5d37ab632f224a4a4,UPDATE,CATEGORY,TRUE,navteq-lcms,800-8500-0177,navteq-lcms,800-8500-0000
036r3gqz-fb419b290c9d65e2e7516bf41da1f646,UPDATE,CATEGORY,TRUE,navteq-lcms,800-8500-0177,navteq-lcms,800-8500-0000
036r3gr4-30f3fba7bc5b8e801ef8d3a2635264c5,UPDATE,CATEGORY,TRUE,navteq-lcms,800-8500-0000,navteq-lcms,800-8500-0000
036r3gr4-ccc3b86e35f88dc1c531b0cfe0e1eb5a,UPDATE,CATEGORY,TRUE,navteq-lcms,800-8500-0177,navteq-lcms,800-8500-0000
036r3gx0-78c51312608bf4c36dd74a20a484840f,UPDATE,CATEGORY,TRUE,navteq-lcms,400-4100-0348,navteq-lcms,800-8500-0000
036r3gqy-48a83689a70e48bca41c749006c2969b,UPDATE,CATEGORY,TRUE,navteq-lcms,400-4100-0348,navteq-lcms,800-8500-0000
036r3gx8-2fe8968c7d5a04e20cbfa77a48595bc0,UPDATE,CATEGORY,TRUE,navteq-lcms,400-4100-0348,navteq-lcms,800-8500-0000
036r652p-e00365f5f8d8426f238e81f38c53f7c1,UPDATE,CATEGORY,TRUE,navteq-lcms,400-4100-0348,navteq-lcms,800-8500-0000
036r3gwc-98c8f081c0d0c48cd1fbcdaaa4d923af,UPDATE,CATEGORY,TRUE,navteq-lcms,800-8500-0177,navteq-lcms,800-8500-0000
036r3gx0-0f2dd80bc795a6149e7d047eccf1655f,UPDATE,CATEGORY,TRUE,navteq-lcms,400-4100-0348,navteq-lcms,800-8500-0000
036r3gqy-8a05e04bd5f03b90dae967559e7b6605,UPDATE,CATEGORY,TRUE,navteq-lcms,400-4100-0348,navteq-lcms,800-8500-0000
036r3grs-3fafcfd5610e1e616561f775bd7266d7,UPDATE,CATEGORY,TRUE,navteq-lcms,400-4100-0348,navteq-lcms,800-8500-0000
036r3gry-f7373d4077d65bea10266c919418de27,UPDATE,CATEGORY,TRUE,navteq-lcms,400-4100-0348,navteq-lcms,800-8500-0000
036r652n-614d83ce4a3c2fe5a6411dd6a09ad090,UPDATE,CATEGORY,TRUE,navteq-lcms,400-4100-0348,navteq-lcms,800-8500-0000
036r3gr1-62e9a4b67a41b86cd0f76ab8976c4d9b,UPDATE,CATEGORY,TRUE,navteq-lcms,400-4100-0348,navteq-lcms,800-8500-0000
036r3grj-7b38efa255a674e7815a2f65e10a632f,UPDATE,CATEGORY,TRUE,navteq-lcms,400-4100-0348,navteq-lcms,800-8500-0000
036r3grz-bed82c29fb6b3077c250e55debed836a,UPDATE,CATEGORY,TRUE,navteq-lcms,400-4100-0348,navteq-lcms,800-8500-0000
036r3gre-2ffef8af92cc727903658f7834cb0c1a,UPDATE,CATEGORY,TRUE,navteq-lcms,400-4100-0348,navteq-lcms,800-8500-0000
036r3grv-2d6817042d3946a4b4763768eb1d4b37,UPDATE,CATEGORY,TRUE,navteq-lcms,400-4100-0348,navteq-lcms,800-8500-0000
036r3gx2-0d6f924ce0f575a8d12331dfc21721b1,UPDATE,CATEGORY,TRUE,navteq-lcms,400-4100-0348,navteq-lcms,800-8500-0000
036r3gx3-405e14cac5d192b2bb8c17b7f1a93e60,UPDATE,CATEGORY,TRUE,navteq-lcms,400-4100-0348,navteq-lcms,800-8500-0000
036r3gqy-4d8eef6f46f54c7f522268593c3f233a,UPDATE,CATEGORY,TRUE,navteq-lcms,400-4100-0348,navteq-lcms,800-8500-0000
036r3grw-1fc015bf31f5a5525c0b722205d87c7d,UPDATE,CATEGORY,TRUE,navteq-lcms,400-4100-0348,navteq-lcms,800-8500-0000
036r3grz-8a026d52ea91f92fd61ced35e1a3f6c1,UPDATE,CATEGORY,TRUE,navteq-lcms,400-4100-0348,navteq-lcms,800-8500-0000
036r3grn-3280a026d70548a99cbce09a08cba203,UPDATE,CATEGORY,TRUE,navteq-lcms,400-4100-0348,navteq-lcms,800-8500-0000
036r652n-42436523952ffee2f72081b1e9959ad8,UPDATE,CATEGORY,TRUE,navteq-lcms,400-4100-0348,navteq-lcms,800-8500-0000
036r3grt-4dc5d78c95b2409d9d4702e6db59c0b5,UPDATE,CATEGORY,TRUE,navteq-lcms,400-4100-0348,navteq-lcms,800-8500-0000
036r652p-34d620862427be1a6ce5cfdc8633851d,UPDATE,CATEGORY,TRUE,navteq-lcms,400-4100-0348,navteq-lcms,800-8500-0000
036r3gx0-5f7b5fbee998db2931d11447a35fdd1d,UPDATE,CATEGORY,TRUE,navteq-lcms,400-4100-0348,navteq-lcms,800-8500-0000
036r3gre-56e82138c1a5b896532be403f2f9bd34,UPDATE,CATEGORY,TRUE,navteq-lcms,400-4100-0348,navteq-lcms,800-8500-0000
036r3gx2-95bb06b45d3435f8ce2c74fa05aa973b,UPDATE,CATEGORY,TRUE,navteq-lcms,400-4100-0348,navteq-lcms,800-8500-0000
036r3gxd-efe76006d6fe85590f9111a46716a986,UPDATE,CATEGORY,TRUE,navteq-lcms,400-4100-0348,navteq-lcms,800-8500-0000
036r3grj-2e370ac23832492d941c2cf12e0a4040,UPDATE,CATEGORY,TRUE,navteq-lcms,400-4100-0348,navteq-lcms,800-8500-0000
036r3gre-46eace18440010d1909baa95699e0e78,UPDATE,CATEGORY,TRUE,navteq-lcms,400-4100-0348,navteq-lcms,800-8500-0000
036r3grg-268dd781720f4024948218cdef524677,UPDATE,CATEGORY,TRUE,navteq-lcms,400-4100-0348,navteq-lcms,800-8500-0000
036r3grh-ecb4e9d703a042fe99ef2cc109f2c348,UPDATE,CATEGORY,TRUE,navteq-lcms,400-4100-0348,navteq-lcms,800-8500-0000
036r3grw-0440a70c4dc6a4e1332d9aca0e0967b8,UPDATE,CATEGORY,TRUE,navteq-lcms,400-4100-0348,navteq-lcms,800-8500-0000
036r3gqz-18d25488c2064e509d10dd4330e033de,UPDATE,CATEGORY,TRUE,navteq-lcms,400-4100-0348,navteq-lcms,800-8500-0000
036r3grn-5c871ca99ae646519898318dae9fac52,UPDATE,CATEGORY,TRUE,navteq-lcms,400-4100-0348,navteq-lcms,800-8500-0000
036r3gx1-5f05d4f6f522d9de93884491e97a50ff,UPDATE,CATEGORY,TRUE,navteq-lcms,800-8500-0200,navteq-lcms,800-8500-0000
036r3gx2-edcf3fdfea1f46a451a26effc1296a6d,UPDATE,CATEGORY,TRUE,navteq-lcms,800-8500-0200,navteq-lcms,800-8500-0000
036r3gre-3027a4a9fa5c7bfd01651e361b7b1ad4,UPDATE,CATEGORY,TRUE,navteq-lcms,400-4100-0348,navteq-lcms,800-8500-0000
036r3gry-baa3b151aeea405abffc78fb3f232eb1,UPDATE,CATEGORY,TRUE,navteq-lcms,400-4100-0348,navteq-lcms,800-8500-0000
036r3gx2-f2da9c31b78b9aae679941cf2bee3f46,UPDATE,CATEGORY,TRUE,navteq-lcms,400-4100-0348,navteq-lcms,800-8500-0000
036r3gqc-b50022d2803a4780b50c1aef7c9b42a6,UPDATE,CATEGORY,TRUE,navteq-lcms,400-4100-0348,navteq-lcms,800-8500-0000
036r3grx-235cd402c46543758d8b3502445d1861,UPDATE,CATEGORY,TRUE,navteq-lcms,400-4100-0348,navteq-lcms,800-8500-0000
036r3gx1-3936f7116cf5ec7e5830c0d5d2d319f1,UPDATE,CATEGORY,TRUE,navteq-lcms,800-8500-0200,navteq-lcms,800-8500-0000
036r3gx2-a8c1ebc745588d1bd22eaceca8a5bd7d,UPDATE,CATEGORY,TRUE,navteq-lcms,400-4100-0348,navteq-lcms,800-8500-0000
036r3grb-c57921efcd54786e3419cb50464c3fc7,UPDATE,CATEGORY,TRUE,navteq-lcms,400-4100-0348,navteq-lcms,800-8500-0000
036r3gr4-6a6d1ff2cf8cd950a2f5e6dbebe0ee9e,UPDATE,CATEGORY,TRUE,navteq-lcms,800-8500-0177,navteq-lcms,800-8500-0000
036r3gry-77b64219b4bc57ce98dfde4fcc85da87,UPDATE,CATEGORY,TRUE,navteq-lcms,800-8500-0177,navteq-lcms,800-8500-0000
036r3gx8-b4c3e6cc20e167c3498916c87e9300c0,UPDATE,CATEGORY,TRUE,navteq-lcms,800-8500-0177,navteq-lcms,800-8500-0000
036r3gx0-f85de7b4f1a440d6fd65f1ab80c3078d,UPDATE,CATEGORY,TRUE,navteq-lcms,800-8500-0177,navteq-lcms,800-8500-0000
036r3gx2-95e042d813946f253358ec43c4d1af50,UPDATE,CATEGORY,TRUE,navteq-lcms,400-4100-0348,navteq-lcms,800-8500-0000
036r3gpv-03f81db522558ffebd4f9091721d845d,UPDATE,CATEGORY,TRUE,navteq-lcms,400-4100-0348,navteq-lcms,800-8500-0000
036r3grq-1afaabee40c44e9fbb02a320c5dff986,UPDATE,CATEGORY,TRUE,navteq-lcms,400-4100-0348,navteq-lcms,800-8500-0000
036r3gx3-02d2a44956deaace81106304828a5de2,UPDATE,CATEGORY,TRUE,navteq-lcms,800-8500-0177,navteq-lcms,800-8500-0000
03648151-a18367cc0756501d77d0a2771d03dec4,UPDATE,CATEGORY,TRUE,navteq-lcms,800-8500-0177,navteq-lcms,800-8500-0000
036r3grh-2126484c95e7cf2a6d29a6129980db6e,UPDATE,CATEGORY,TRUE,navteq-lcms,400-4100-0348,navteq-lcms,800-8500-0000
036bma4v-ba0d57ea6d5d0d2737a8c9ae422b5293,UPDATE,CATEGORY,TRUE,navteq-lcms,800-8500-0177,navteq-lcms,800-8500-0000
036r6582-37c71808e41f3e10204ef31fd25613cd,UPDATE,CATEGORY,TRUE,navteq-lcms,800-8500-0177,navteq-lcms,800-8500-0000
036r652h-2dab3f33e69f6e4792dd42138706dfde,UPDATE,CATEGORY,TRUE,navteq-lcms,800-8500-0177,navteq-lcms,800-8500-0000
036r652j-361e3fa25304489fb3216a48806a0068,UPDATE,CATEGORY,TRUE,navteq-lcms,400-4100-0348,navteq-lcms,800-8500-0000
036r3grw-55f1a49f6384464222f75abd4d326b57,UPDATE,CATEGORY,TRUE,navteq-lcms,800-8500-0177,navteq-lcms,800-8500-0000
036r3gre-4b39a0b27aa3e2a6dd70bb69d523ac3c,UPDATE,CATEGORY,TRUE,navteq-lcms,400-4100-0348,navteq-lcms,800-8500-0000
036r3gx2-17a501a6b3f390a322d391be374c37cc,UPDATE,CATEGORY,TRUE,navteq-lcms,800-8500-0177,navteq-lcms,800-8500-0000
036r3gx0-87811dcf482848948933c3b61d28a83f,UPDATE,CATEGORY,TRUE,navteq-lcms,800-8500-0177,navteq-lcms,800-8500-0000
0368lxx5-e6fca49ace7d0f0cbf79e13180b4d9ce,UPDATE,CATEGORY,TRUE,navteq-lcms,800-8500-0177,navteq-lcms,800-8500-0000
036r3grb-1fad44d58a214fcbac8d40470d6bac6b,UPDATE,CATEGORY,TRUE,navteq-lcms,800-8500-0177,navteq-lcms,800-8500-0000
0368daac-3db07cab44407f4d84e03a0bfea0be1e,,,,,800-8000-0154,,600-6100-0062
036r6521-35c686fde99c4761bc1ddf1578bb8f31,,,,,600-6300-0068,,600-6100-0062
036r652j-5725a7bbc92ea912ccf1f02aa3b718db,,,,,800-8000-0158,,600-6100-0062
036r3gx2-bd4863dae5aa48cc91b3914bf2a5c81f,,,,,700-7400-0292,,600-6100-0062
036e4286-f1b821da4cb4d5fa449006695062ed66,,,,,100-1000-0000,,600-6100-0062
0361ae88-658172cef883730b42c86c4d5536b9ba,,,,,600-6800-0000,,600-6100-0062
036f519e-8a426681f9c41ec450ee18724ae8e296,,,,,100-1000-0000,,600-6100-0062
036d408k-57817d16f0cd00b188b35f7e7516a94b,,,,,600-6600-0080,,600-6100-0062
036r3gx2-12a391acaa90c0c00560ea0750c5f75d,,,,,600-6800-0000,,600-6100-0062
036r3grb-ac385c35129e411e9150170a99fe1f6a,,,,,600-6600-0077,,600-6100-0062
036r3grv-7a135b3aabee8bc73eadb5ba93984ccf,,,,,700-7400-0141,,600-6100-0062
036r3gxd-5cec070036d90d0b79e3c08480765d7c,,,,,600-6900-0096,,600-6100-0062
036r3gpv-ee0fc2e1d46c45e9b2c3d782eefc4393,,,,,700-7850-0000,,600-6100-0062
036r652k-84052ef37a016bf6f76ea0c785d5118a,,,,,550-5520-0207,,300-3000-0023
036r3gnm-748be6e9eb234fb085ca7b22131a3c18,,,,,700-7200-0257,,300-3000-0023
036r3gx2-bb6f87c8e1ae4da99557fbce1bfc74f0,,,,,300-3000-0000,,300-3000-0023
036aabd1-a99ccb79bb0407b985307aad559d7422,,,,,800-8100-0171,,300-3000-0023
036r3gx2-0c15ea28b0afdd09e0dc6a23207ae39e,,,,,300-3000-0025,,300-3000-0023
036r3gr9-fc3f53e12cbfa6b8d2ec13c0f0c0a31c,,,,,800-8600-0195,,300-3000-0023
036r3grh-6bfc312304af8e0d58bf962e2772a626,,,,,550-5510-0202,,300-3000-0023
036r3gqv-e083ee9e468226e3d47181ce15871bfa,,,,,700-7250-0136,,300-3000-0023
036r3gx0-4bee5c975c9f4ab3859fe8cc2afff6bd,,,,,300-3000-0025,,300-3000-0023
036r3grj-f766f0e0cede4c499b2db9d6dabe7d6c,,,,,800-8200-0295,,300-3000-0023
036r3gx2-9570beff976843779255696ef7d092dc,,,,,600-6900-0247,,300-3000-0023
036r3gqb-fd56c67914398dd7cb1ed36fa9624d9e,,,,,550-5510-0202,,300-3000-0023
036r3gqr-fd8dcc184b1c55a1990f9b4c9b19f792,,,,,300-3000-0024,,300-3000-0023
036r3gnq-cfddb423c04745f9eb9dbad3224e3461,,,,,550-5520-0000,,300-3000-0023
036r3grw-83eb855884f08bfb3f864e77a31ec7c6,,,,,200-2000-0011,,300-3000-0023
036r3grr-a636ea27abc9b33e1454c3c6e14ad63b,,,,,300-3000-0025,,300-3000-0023
036r3gqq-d5dcb9d71f984dd950984cdf0dd84fda,,,,,550-5510-0202,,300-3000-0023
036httek-464a6c2adec80339af0a1461b923ef11,,,,,300-3000-0000,,300-3000-0023
036r3gx2-63066e801770b7b08cab97e1611241d6,,,,,600-6900-0247,,300-3000-0023
036r3gx2-71c3196dc4d4f0b389b40c4445e6ae12,,,,,300-3000-0025,,300-3000-0023
036r6524-0c70ee1deb1f8186f23fafd49ac60574,,,,,550-5510-0202,,300-3000-0023
036r3gnp-0c571b279abe761b45ab7615d8c12a78,,,,,550-5510-0202,,300-3000-0023
036r3gqc-694f11ced2476602beef334d88edf4a8,,,,,550-5510-0202,,300-3000-0023
036r3gnm-014d488d8589737a12e94347683d6449,,,,,550-5510-0203,,300-3000-0023
036r3gx0-f4e9c7a7fb6e67003c0028f33d50f02b,,,,,300-3000-0025,,300-3000-0023
036r3grp-cdd409fa77468d0615df4658ac568cea,,,,,550-5510-0202,,300-3000-0023
036r3grm-4e8dca462c8df4bcdfd7c1c457bcff1a,,,,,550-5510-0202,,300-3000-0023
036r3gx2-5995da40fdbbd791d4840242d1b44aaf,,,,,600-6100-0062,,300-3000-0023
036d2de2-b958c23c83478980d30766ec18dfde1e,,,,,550-5510-0202,,300-3000-0023
036r3gx9-dba7f55fde4e3ac1b0ce950972e4ca36,,,,,300-3000-0025,,300-3000-0023
036r650p-32ea8e4f84e54365bfb0e196a817ddec,,,,,550-5520-0207,,300-3000-0023
036r3gr5-6a0c05385acdefe58291dd55236b684f,,,,,550-5520-0000,,300-3000-0023
036r3gqh-63703be32b43f513e5476ecfc51f33f8,,,,,550-5510-0202,,300-3000-0023
036r3gqc-e96c87ff667757c936e2406508900569,,,,,550-5510-0202,,300-3000-0023
036r3grv-4f89acfd0a4c260cee65459fc15f3187,,,,,550-5510-0202,,300-3000-0023
036r3gx3-68675e6f2d504ba7b7afffb435c60c43,,,,,300-3000-0000,,300-3000-0023
036aabd1-bf004aa9fcfc0fe29b4d517e318e05d5,,,,,550-5520-0000,,300-3000-0023
036r3gxd-c9b4bda23fcf4d569515477acd9ebfda,,,,,300-3000-0025,,300-3000-0023
036r6586-0d681a5814ff4a29ca5e44cedb0f61ff,,,,,550-5510-0202,,300-3000-0023
036r3gx2-b7be471135bb4bdcb6904aadc446eeae,,,,,800-8100-0171,,300-3000-0023
036r3gq2-eb0e6eee434b14642c7e6e3cd442483d,,,,,800-8600-0195,,300-3000-0023
036aabd1-9344f53750440db48af7df418365f35d,,,,,800-8600-0195,,300-3000-0023
036r3gxf-16ea1662edfa8867639fa0e7593a429b,,,,,200-2000-0015,,300-3000-0023
036r3gx3-161bf6573d5f8b96a1034b356d64ca51,,,,,100-1100-0010,,300-3000-0023
036r6586-c1f6dee2d32f3f30dbe13ff282a785cb,,,,,550-5510-0203,,300-3000-0023
036r3gpu-d5336c421eb473f1e7573090986b21d0,,,,,200-2000-0017,,300-3000-0023
036r3gx3-08f8e2cf3ade9eb3f9dfa472fed11848,,,,,600-6800-0092,,300-3000-0023
036r652j-bf3ccf2138e6efec196d81b494d85473,,,,,550-5510-0203,,300-3000-0023
036r3gnq-d283004cef3033c7c8f0471072aa1f99,,,,,550-5520-0207,,300-3000-0023
036r3gpu-e635dd68561cadde44b39ea02eb43260,,,,,200-2000-0017,,300-3000-0023
036r3gx2-c0b0b971486c58c1e029f29e61ee97bc,,,,,600-6900-0103,,300-3000-0023
036r3gqk-87696ba5d661820525d4f2cab1020f6f,,,,,550-5510-0202,,300-3000-0023
036r3gx1-f06b995801632f3b5d14a498bb431c4e,,,,,800-8600-0195,,300-3000-0023
036r3gpu-630beb10c0a636e19cb1d9341d3d28e8,,,,,550-5520-0000,,300-3000-0023
036r3gnm-296d8e47c6b241bf9e045f745eabb032,,,,,800-8600-0195,,300-3000-0023
036r3gqu-6a3950faf97153ec28af25c62364cf64,,,,,550-5520-0000,,300-3000-0023
036r652h-5003ef3dd5c87b423f93e3bb921c2c76,,,,,200-2000-0017,,300-3000-0023
036r3gqz-87b48bd56585926777f0b75ed58e8625,,,,,550-5510-0202,,300-3000-0023
036r650j-f2bb78780322d17fe809a282bc3aabdd,,,,,550-5510-0202,,300-3000-0023
036r3gxf-3f8e9811143894a99ad20ffd33aeaa72,,,,,300-3000-0024,,300-3000-0023
036r3gx2-1375d400683aef086d2ce9e714c9201b,,,,,550-5520-0000,,300-3000-0023
036r3grf-9e7506437b306712a1c63c60b32a9d9d,,,,,550-5520-0000,,300-3000-0023
036r3gx2-67114618db51fc487313c728b9172a7f,,,,,300-3000-0025,,300-3000-0023
036r3gxc-9a6ebecb92ad5479513edab6ea5736a3,,,,,550-5510-0202,,300-3000-0023
036r6523-455264d55d9f42e5b31f646d34bd7420,,,,,550-5510-0202,,300-3000-0023
036r6580-abe0f6067d93538985200e9c7c2076aa,,,,,550-5510-0202,,300-3000-0023
036r3gxb-f27776214b385ed1dbd960452009b13e,,,,,550-5510-0202,,300-3000-0023
036r3gnp-f2a098b863c5c913d5798570bbb8104b,,,,,800-8600-0184,,300-3000-0023
036r3gxd-f5801aef568e4769882894f4ff0b633d,,,,,300-3000-0024,,300-3000-0023
036r3gry-28b00dc10f94125e29c024240a08ce43,,,,,550-5510-0203,,300-3000-0023
036r3gqz-c3457376538d41da886bb5358511a643,,,,,550-5510-0202,,300-3000-0023
036r3gnq-550665d111c97c1c7d2118ea8ad192b4,,,,,550-5520-0207,,300-3000-0023
036r650j-84deb7c7b32703444ac2a43f92a5d75a,,,,,550-5510-0202,,300-3000-0023
036r652h-ea065c193c9940e998073d4d6a4a0669,,,,,200-2000-0017,,300-3000-0023
036r3grc-7d50572e0a752e2547ae5fd848d86982,,,,,550-5510-0202,,300-3000-0023
036r3gpx-0eb2a1fad98bee138001e1ee67518c3c,,,,,550-5510-0202,,300-3000-0023
036r3grr-e5a290f70adecfa0562e012027c0f0c9,,,,,600-6100-0062,,300-3000-0023
036r3grs-67019735070d65d92b01954e26219060,,,,,300-3000-0025,,300-3000-0023
036r3gxd-ccd4d037a55ba5552c5c8194c469cd8a,,,,,300-3000-0025,,300-3000-0023
036r6524-4e8d816affa2d3e5031d3f73a9524555,,,,,550-5510-0203,,300-3000-0023
036r3gx3-5bad1fe94d70d38305b2e0c948df57b3,,,,,550-5520-0208,,300-3000-0023
036r3gx8-8364a46058d2c05411c916cf226d6030,,,,,550-5510-0202,,300-3000-0023
036r3gnq-af3156a35a4d420d854029f27580ab71,,,,,550-5510-0203,,300-3000-0023
036r3gxb-7410f91a00bc329daf93fc86065d8d90,,,,,550-5510-0202,,300-3000-0023
036r3grs-f7c38baef35f4716a1d4d995bd3f8ac7,,,,,300-3100-0000,,300-3000-0023
036r3grr-3abe6669c8e776af5975cf2136c9e9bc,,,,,550-5510-0202,,300-3000-0023
036r3grn-79329b6c47253d290bd013390dea1d95,,,,,550-5510-0202,,300-3000-0023
036r6526-37b67d4bc94452d8d0ae3c12d15157ba,,,,,550-5510-0202,,300-3000-0023
036r652j-4f8a5b35df1e4bbcb2ed5bacfcae95d7,,,,,550-5520-0228,,300-3000-0023
036r3gx4-b4cb8ba2f645cfc0ca071dcd1e096e78,,,,,200-2200-0020,,300-3000-0023
036r3gx2-b51ceec287b6432db1546313db9d57f5,,,,,300-3000-0025,,300-3000-0023
036r3gre-4fe40b9f1fbe4d9f9276e2c47749a5ce,,,,,300-3000-0024,,300-3000-0023
036r3gqg-6e6b7ddb0a8062adb63c7d3acd91da9b,,,,,300-3200-0030,,300-3000-0023
036r6521-dff148a7e3c04a579327dd82c4a17b06,,,,,550-5520-0000,,300-3000-0023
036r3gx2-f80b3903c95749a296046cca613a1c55,,,,,600-6800-0000,,300-3000-0023
036r3gqc-069a5fdda43edaca2972d071de8f4835,,,,,200-2000-0017,,300-3000-0023
036r3gx2-7552029918b0b8d4d28a24b136d08386,,,,,300-3100-0000,,300-3000-0023
036d408k-028b54d14da602820db24dae00b67968,,,,,700-7200-0269,,300-3000-0023
036aabd1-fa7301902e860c7d2d9aff53cc9d8450,,,,,200-2000-0017,,300-3000-0023
036r6520-ed09eec1d74fdedc144db2b6f676777e,,,,,550-5520-0000,,300-3000-0023
036r6524-01f6bc03a467956ce9ada868b05e3f92,,,,,550-5510-0202,,300-3000-0023
036r3gx2-4cc1fd39adf1438c87e30c6856c2ca4b,,,,,700-7200-0269,,300-3000-0023
036r3gr1-55476a1f744d413b896f8125983b4aec,,,,,550-5510-0202,,300-3000-0023
036r3gq9-477f881eb874f19e9f951393412ed8f5,,,,,550-5510-0202,,300-3000-0023
036r3gx2-800feb6d01546853750069c497be70e6,,,,,550-5520-0207,,300-3000-0023
036r3gx3-3b19e04ce5d7cface383efc4ad82a948,,,,,300-3100-0000,,300-3000-0023
036r3gx0-33c462aff8cdde6bd8dff170bbb3c33f,,,,,300-3000-0025,,300-3000-0023
036r652n-29f9112dc8db2622ff8c89895e01bb11,,,,,550-5510-0202,,300-3000-0023
036r3gx2-35cd9af6f63d4c0ba6bf917dd6aca7d1,,,,,200-2000-0017,,300-3000-0023
036r6521-0d264414e2f19f0952623b6519cca39e,,,,,550-5510-0202,,300-3000-0023
036r3gru-c89d3d70a2acb57c481036c4ed67195c,,,,,550-5510-0202,,300-3000-0023
036r3gx1-2f0ae02b5fd64c358af67b574ef24793,,,,,550-5510-0202,,300-3000-0023
036r3gpu-b748aab026b9406b883bfdcafed49bd8,,,,,550-5520-0207,,300-3000-0023
036r3gx2-1e7da54583e04902201b390dfdf8b6ca,,,,,550-5520-0000,,300-3000-0023
036r3grt-f7337255404345dd44c4c138e8012684,,,,,800-8200-0295,,300-3000-0023
036r3grn-165707882851ad9d8d50a807ab8aa09c,,,,,550-5510-0202,,300-3000-0023
036r6521-d2746a21b8ada2a25a266b8190c79593,,,,,550-5510-0202,,300-3000-0023
036r3gx2-a4e66dcfd7e3dd464f6249eb1f1d7cfa,,,,,300-3000-0025,,300-3100-0000
036r3gx2-8a86725f3b22942ccf8b4ce3674a56c3,,,,,600-6900-0096,,800-8000-0161
036r3grt-647b1ca0314e42ee9af6076beba385b9,,,,,700-7250-0136,,600-6300-0066
036r3gxb-4a6762b4a62ff9b8dc55770167be670a,,,,,200-2000-0017,,300-3000-0023
036r3gwc-7620f91300a84648be97e852c02715d6,,,,,800-8000-0162,,800-8000-0162
036r3grx-529083eea6283abfcddf3d4e5e13b100,,,,,700-7250-0136,,800-8000-0158
036r3gqf-20bc80c311a8ccd99b9a103166698b58,,,,,700-7250-0136,,600-6300-0066
036r3gpy-68dc572d22b04d51a53a4d5f35750bce,,,,,700-7400-0292,,800-8000-0158
036r3gx2-0b30c01a3ccc0a429311955e135fc9a9,,,,,600-6900-0096,,800-8000-0161
036r3gx0-b6f266659a19455cb23d5090015d1ed9,,,,,700-7250-0136,,600-6300-0066
036r3gr2-80119eed68064de6b95c0a0c1a0d97b0,,,,,800-8000-0158,,800-8000-0154
036r6527-e3a1a4332ffbf2eb4b5a57f45c55d56a,,,,,550-5510-0202,,300-3000-0023
036r3grw-8fcbd67a638919dff7c754020bf6be7d,,,,,800-8600-0191,,550-5520-0000
036r3gxf-43ac3eceec7843c29637d5d18e7d7ee8,,,,,550-5510-0204,,550-5520-0228
036r3gnp-02ae1fff503e92ea2beb8651008af066,,,,,700-7400-0292,,800-8000-0000
036r652n-aaa58fd2074171fbf0ca3fee4bfe36df,,,,,700-7250-0136,,300-3000-0023
036r3gx4-a2708a60783f0b8bfaa4d1bd3e52f1c9,,,,,700-7250-0136,,300-3000-0023
036r3gx9-91cb8459f73eb16ded0ada4bb28db7bc,,,,,600-6900-0096,,800-8000-0161
036r6520-4653aac1dadc1e329c6cfd91fc81f3f9,,,,,600-6900-0096,,800-8000-0161
036r3grh-e5bf07b0d174316d55793d13b1daddc7,,,,,800-8000-0341,,800-8000-0000
036r3grw-9b6838e5b67ba235eadf98c4b3044257,,,,,600-6300-0363,,600-6300-0066
036r3gx6-2e474f60cafd6a5fa12134bc32a55617,,,,,300-3000-0023,,300-3100-0000
036r3gx4-64f9f10973c727a62be5e716ea210d6a,,,,,300-3000-0023,,550-5520-0000
036r3grd-66353b93f76031abec3e061a70481fc7,,,,,550-5520-0000,,300-3000-0000
036r3gqm-bf124e4e69e69ad24691b6b5b7577985,,,,,550-5510-0202,,550-5520-0000
036r3grz-b501a3fe264abd2d08d6e9bbf197a198,,,,,550-5510-0202,,300-3000-0023
036r3grp-10cd09c8655e65e5b270d2599dc85038,,,,,300-3000-0025,,300-3100-0000
036r3gx1-9e0e13bc776b35c29144201b03a0fb07,,,,,550-5510-0202,,550-5520-0000
036r3gx9-c245322dda2a4e07be6c1f93c8a5f4ff,,,,,600-6900-0096,,800-8000-0161
036r3gpz-d6c8e96895c04a89900db9805148ead4,,,,,800-8000-0158,,800-8000-0154
036r3grg-f2e307d65367405e95255326896eef16,,,,,800-8000-0158,,800-8000-0000
036r3gx2-58b01ed3182eb403b4ed42e223ea943b,,,,,700-7250-0136,,800-8000-0000
036r3gx8-fb635266137e32987608065f650985c2,UPDATE,CATEGORY,TRUE,navteq-lcms,800-8500-0177,navteq-lcms,800-8500-0000
036r3gx2-fe739a4a4aded680bcccdf256e606b19,UPDATE,CATEGORY,TRUE,navteq-lcms,800-8500-0177,navteq-lcms,800-8500-0000
036r3gq0-7b488914a2dd4e7e9ecf4c14b8eed108,,,,,800-8000-0162,,800-8000-0162
036r6586-0fa319065f7307023e1309d87df46fa3,,,,,700-7400-0152,,800-8000-0000
036r3gxc-63ff68f56dbb1e877d2c9d734ba5a6d3,,,,,550-5510-0202,,550-5520-0000
036r3grh-295fd1fd0a88f5e7e79b10cf21348519,,,,,600-6400-0070,,600-6300-0066
036r3gx2-3f2923f5654b527c17cda48ee7e9230b,,,,,300-3000-0000,,550-5520-0000
036r3grh-bbbf7c3c6744618667c9ec8ccf71d98e,,,,,600-6400-0070,,800-8000-0154
036r3gxc-b4fe13d1b39164305526a6fc678c2dba,,,,,550-5510-0202,,550-5520-0000
036r3gx2-61d59a667160c52be03a2b835054f960,,,,,600-6900-0247,,600-6100-0062
036r3gx2-2f29f4a87b0ed36bcae7d5b0807a0971,UPDATE,CATEGORY,TRUE,navteq-lcms,800-8500-0000,navteq-lcms,800-8500-0177
036r3grp-93e115014d0140bedc3a99a8a766b368,,,,,300-3000-0351,,300-3000-0350
036r3gr0-8597d06f1b3d4bbebeeff9f88501d233,,,,,550-5510-0202,,550-5520-0000
036r3grt-0ca472b213c1460099795ee9b6283d5c,,,,,300-3000-0023,,300-3100-0000
036r3gx2-88982d60fe505be7799f15c1bd8bbfc1,,,,,600-6900-0096,,800-8000-0161
036r3gr5-30054613762f573221a5c4702fd905e0,,,,,550-5510-0242,,300-3000-0023
036r3grx-39d398a2874a8e60bf5fb7ecac803b7c,,,,,550-5510-0202,,550-5520-0000
036r3grq-740be298b47e2057f755c274a967cf5a,,,,,550-5510-0202,,800-8000-0158
036r3grw-b4eb106ba0881a2ba0366f12a5551e3a,,,,,550-5520-0000,,800-8100-0171
036r3gry-7da40f9b1588bf7b93b93d665b9805ed,UPDATE,CATEGORY,TRUE,navteq-lcms,400-4100-0348,navteq-lcms,800-8500-0000
036r3gxc-d3743f79f9814dc08634559df5272628,,,,,800-8000-0162,,800-8000-0162
036r3gx2-e766b093b37939b920c5201f2f37221a,,,,,300-3000-0025,,300-3100-0000
036r3gx8-b52c0d788c484e6bb35cf57419d4db7a,,,,,800-8000-0162,,800-8000-0162
036r3gx2-4756962a3ccd88740f96d9e010dd60d9,,,,,300-3000-0023,,550-5520-0000
036r3gx0-4d9fc3bfebf848c991fd508f0032301e,,,,,800-8000-0162,,800-8000-0162
036r3gx1-fcc51d5177e521be0e8f681ae5ac0500,,,,,300-3000-0025,,300-3100-0000
036r3gmg-28b72e63c64a457086520d9973ef7fa5,UPDATE,CATEGORY,TRUE,navteq-lcms,400-4100-0348,navteq-lcms,800-8500-0000
036r3grq-12ebf94ba3df44d2993b78b596cb9ea3,,,,,800-8000-0158,,800-8000-0154
036r3gr9-22432287ce19aba6d7b223f8985196ef,,,,,800-8600-0195,,300-3000-0000
036r3gqq-1f1ad808f6a55caaa9881b131cdead60,,,,,700-7400-0292,,800-8000-0158
036r3gqm-58151c4c556e465d8078cee0746d176c,,,,,800-8000-0158,,800-8000-0000
036596dc-47ca0df279d1187d3f9ca75f51f6b3ed,,,,,800-8000-0162,,800-8000-0162
036r3gx2-5851f29ca0104a609e6ab7a40f71fb52,UPDATE,CATEGORY,TRUE,navteq-lcms,400-4100-0348,navteq-lcms,800-8500-0000
036r3gxf-6b00a9bdf3087c9824816af290ff7262,,,,,600-6900-0096,,800-8000-0161
036r3gqv-c87a55de86634c49a8613fca5d1655f0,,,,,800-8000-0158,,800-8000-0155
036r3gnp-689815176d1d5849129a3483b8ead48e,,,,,600-6900-0096,,800-8000-0161
036r3grz-e586b20347533b84126ae6408643e912,,,,,300-3000-0000,,300-3000-0023
036r3gx1-f1eb1502544b47bf89b80bc45a3b84f5,,,,,600-6900-0096,,600-6300-0066
036r3grd-5564ab6a2022c4533cdc9636f340bf49,,,,,550-5510-0202,,550-5520-0000
036r3grr-294f895a6a929d529ff5355fea662cc7,,,,,800-8000-0158,,800-8000-0000
036r3grn-24114eb49b7a41d16e861354f40c3ce6,,,,,700-7850-0000,,800-8000-0155
036r3grg-ff533904827bc3932e047465b586bbe7,,,,,800-8000-0162,,800-8000-0162
036r3gqr-541aa1d7223e142ace29625237fe10c0,,,,,600-6900-0096,,600-6300-0066
036r3gx0-ac84ce1d9ea86665ba3144bde70701db,,,,,300-3000-0000,,300-3100-0000
036r3gx0-ad7b7f1ad3574676b03deac6ef9602be,,,,,800-8000-0158,,800-8000-0000
036r3gx0-fe85ffa596d321d8667415dc5e9a5354,,,,,300-3000-0000,,300-3000-0023
036r3gqc-c1923eb7006f4683ad91ee2bcd6ec904,,,,,800-8600-0191,,800-8000-0000
036r3grj-ad389905bc2b4dd68b152a4e25926f0c,,,,,800-8000-0158,,800-8000-0000
036r3gr9-ec7ad189d3e447698b1d6516dc5f2ba3,,,,,600-6900-0247,,300-3000-0023
036r3grh-c0beb32faebd4755d3dc716c4cc4f74e,,,,,550-5510-0203,,550-5520-0000
036r3gx3-5be88fb1feb23ec3acc30ad2ee1dfc50,,,,,300-3000-0000,,300-3100-0000
036r3gr4-e33b24b80854fc12f7f5d29553cadbc3,,,,,800-8000-0158,,800-8000-0154
036r3gr4-221666c6a1507abfafa1a9f18c49b10a,,,,,100-1000-0000,,500-5000-0053
0368b506-d87948e4a7d9e770324d9a21498ee210,,,,,600-6900-0096,,800-8000-0161
036r3gq5-6811b7732caedcfe2dff33d43f86bdba,,,,,300-3000-0023,,550-5520-0000
036r3gx1-acbe6562302e1d16e07c7a654c6c4a68,,,,,600-6900-0096,,800-8000-0161
036r3gxb-1614acd166131d4525ada380583fff17,,,,,550-5510-0202,,300-3000-0023
036r3grk-fc1dcfcb127742cbac0d3db5c8f1ca4a,,,,,550-5510-0202,,300-3000-0023
036r3gry-b5c7807741c04387877e03fa7789a0a5,UPDATE,CATEGORY,TRUE,navteq-lcms,800-8500-0177,navteq-lcms,800-8500-0000
0368lxx5-623064642690057cad8003da32c16f0d,,,,,800-8000-0158,,800-8000-0155
036r3gre-09aba61dbfae015ab47957e6007c7af3,,,,,600-6900-0096,,800-8000-0161
0368lxx5-b836194ece200d3645fbea821ce108c5,,,,,800-8000-0162,,800-8000-0162
036r3grm-c731642f2786c49b10ebf6604d75a1ec,,,,,800-8100-0171,,800-8000-0162
036bma4v-bec257260db00349bbf64af94b66474d,UPDATE,CATEGORY,TRUE,navteq-lcms,800-8500-0177,navteq-lcms,800-8500-0000
036r3gqt-a742e878f9024019918e1e51201f6367,UPDATE,CATEGORY,TRUE,navteq-lcms,400-4100-0348,navteq-lcms,800-8500-0000
036r3grs-bd4efd7c38c3155ca93acfd6d4533c42,,,,,300-3000-0025,,300-3100-0000
036r3gx6-0b15b704fc500ac3aa11ad061cc1e2fb,,,,,550-5510-0202,,550-5520-0000
036r3grz-728331ef35dbaf64a581bda192703df9,,,,,550-5510-0202,,550-5520-0000
036r3gry-830aa1c2368a67bea7807a2279ec1425,UPDATE,CATEGORY,TRUE,navteq-lcms,800-8500-0177,navteq-lcms,800-8500-0000
0368lxx5-5f74f7a9053b0d17e4c25410dfa721ee,UPDATE,CATEGORY,TRUE,navteq-lcms,800-8500-0177,navteq-lcms,800-8500-0000
0361r4ve-f3b09f8f73b40bd46e4859d959ec02c6,,,,,600-6900-0096,,800-8000-0161
036r3grj-0a971f1e5e604fc289cb68480405a29d,,,,,600-6900-0096,,800-8000-0000
036r3gqx-81fea01d3c6c4992b90e2553567726cc,,,,,700-7400-0292,,800-8000-0158
036r3gwb-d3f7e73ad8c4310ea62f0a3eb216e244,,,,,700-7400-0000,,300-3000-0000
036r3gx2-092417f2021acf03c74054c03437b704,,,,,800-8000-0161,,800-8000-0000
036r3grs-892da58c3b77486d84ac6b5630f9cc4b,,,,,600-6900-0096,,800-8000-0161
036r3gx8-b32cf6cf82da422eae6ba0920a298e37,,,,,600-6900-0096,,600-6300-0066
036r3gqm-f46624262e3a42e8b152f1e019402fe1,,,,,800-8000-0162,,800-8000-0000
036r3gx3-04507f3d3df741e49a7c587f4ed37e8f,,,,,300-3000-0025,,300-3000-0023
036r6584-8c6ef54b05e84580ba3f021ad18ae560,,,,,600-6900-0096,,800-8000-0161
0368lxx5-c5799c42ec2d0a58187712f36301ebdb,,,,,600-6900-0096,,800-8000-0161
036r3gw3-fb21585637f51b00040b7bdce9e9da05,,,,,300-3000-0000,,300-3100-0000
0360976c-048b3ddcfb42ce051f7cc9c584bc8627,,,,,700-7250-0136,,800-8000-0161
036r3gpz-3f1cbd42acf4405abf7030bb8da0a615,,,,,600-6900-0096,,800-8000-0161
036r652k-be8ddf8d0ad7b19f6bca095ccacc5605,,,,,700-7400-0292,,800-8000-0158
036r3gqx-3f24ebb8ff91cd46a214d61c8442c9dc,,,,,550-5520-0000,,800-8000-0158
0368lxx5-3fb884f772ad086963004840c14f9dcc,,,,,600-6900-0096,,800-8000-0161
036r6525-f8f1f72e9bd2f6c0c91ab2bedfe051bb,,,,,600-6600-0080,,600-6100-0062
036r3grm-67621be9dbed2cabbe907b95f8f5b27b,,,,,300-3000-0000,,300-3100-0000
036r3gx0-bf21546a1a4355120e59b4a2751dfac1,,,,,300-3100-0026,,300-3100-0000
0361r4ve-6bb6c4040e2b0758da419a4588fd1d43,,,,,800-8000-0162,,800-8000-0162
036r6526-317b37706558b82f785d0ce88256bf75,,,,,550-5520-0000,,300-3000-0023
036jx7ps-ba7d02e3989d0b20072c24a00814084f,,,,,600-6900-0096,,800-8000-0161
036d408k-41bca2c4b4140825928b86fdeb2234bf,,,,,700-7400-0133,,550-5520-0207
036r3gxf-5d870b31229c4b6a8e79104f07a6c09c,,,,,600-6900-0096,,800-8000-0000
036r3gx1-7073a25d6c9f5c2c0f766790c8e17f8b,,,,,300-3000-0025,,300-3000-0023
036r3gre-e1797e6cb9ccffc05dc37739f7fe4528,UPDATE,CATEGORY,TRUE,navteq-lcms,800-8500-0177,navteq-lcms,800-8500-0000
036r3grw-9d15e27021d6b69cb4016b5377928921,,,,,600-6900-0096,,800-8000-0161
036r3gx8-1950d20817354fa8910a4a47994876dc,UPDATE,CATEGORY,TRUE,navteq-lcms,800-8500-0177,navteq-lcms,800-8500-0000
036r3grw-3460101f00be4213802933c900489a1c,,,,,600-6900-0096,,800-8000-0158
036r3gx2-2ae0d5f8b80de678484d68e9ecfc85bc,,,,,300-3000-0000,,300-3100-0000
036r3gx1-2731bd732c394788aaaf41494ee39876,,,,,800-8000-0158,,800-8000-0154
036r6582-4b2b2a67cacb631bfd760b38a3674f5e,UPDATE,CATEGORY,TRUE,navteq-lcms,800-8500-0177,navteq-lcms,800-8500-0000
036d408k-6b9111c73e0801e03586f102218318c7,,,,,700-7400-0147,,800-8000-0158
036r3grm-4c444a3a458dffe4c427aec89b2ff348,,,,,800-8600-0192,,550-5520-0207
036r3grn-0f1068e6c4e8957e8d3fa6ce3bf5c2c4,UPDATE,CATEGORY,TRUE,navteq-lcms,400-4100-0348,navteq-lcms,800-8500-0000
036r3grw-3dd07e54d5ec486e81af7b8280847a6c,,,,,600-6900-0096,,800-8000-0161
036r3gx3-82263c74241d0f0f6db2e75d0db1936f,,,,,550-5510-0202,,300-3000-0023
036jx7ps-038259a7573a0659d920c6e78e81f1d3,,,,,900-9300-0221,,500-5000-0053
036r652w-16e890f6e476d917b5659698da8c5c6f,,,,,550-5510-0202,,550-5520-0000
036r3gx1-524db8db11374bc8819b6a932742f471,,,,,800-8000-0340,,800-8000-0000
036r3gx1-65f6daa82a911d9d92a3d906e8310a78,,,,,600-6900-0096,,800-8000-0161
036r3gx0-790dde41a4fd43b49d0364b586c28378,,,,,550-5510-0202,,300-3000-0023
036r3gx2-df0bc82ba4befeb39af8f3f6d07737c0,,,,,300-3000-0000,,300-3000-0023
036r3gqh-68b122b8b56848deb08851c548a0b632,,,,,300-3000-0023,,300-3000-0023
036jx7ps-a40e9bd9073802fe97b44e9671a9913c,,,,,800-8000-0340,,800-8000-0000
036r3gr5-eda7d6b0abcd814e309cba332909252e,,,,,550-5510-0242,,550-5520-0000
036r3gqr-6f1512fe6bf847a6b40e3f32baa816a3,,,,,300-3000-0023,,550-5520-0000
036r3grp-bdb63daca3447652a5a670e888031353,,,,,300-3000-0024,,300-3100-0000
036r3gx2-cd0339badf502ad7f5f4d697c884c362,,,,,800-8000-0340,,800-8000-0158
036r3gre-7ac67ae3f8c9e932d0995fef42e44e72,,,,,800-8000-0340,,800-8000-0158
036jx7ps-cfcf83da04cb099d7ebfb3c894cc23c0,,,,,600-6900-0096,,800-8000-0161
036r3gqc-acb00a08f3ce0f15ee0c57d24ac48727,,,,,100-1000-0000,,600-6300-0066
036r3gx3-0c802705b75b3b0dc84ff950b523f799,,,,,300-3000-0025,,300-3000-0023
036r3gx4-aa64664b1d8b431ead0ab20df0a70661,,,,,300-3000-0000,,300-3000-0024
036r3gx2-8b5405fa1fe4b942b26b03513cb09a3c,,,,,700-7250-0136,,800-8000-0158
036r3gxc-5fa5390554c778eed73bcf26d8fa47cb,,,,,550-5510-0242,,550-5520-0000
036r3grp-c840353cc642430fb9bfeb558b1e5f37,,,,,800-8000-0154,,800-8000-0158
036r3gpu-7934f78dd35e4d35ad27b49c241384c8,,,,,600-6900-0096,,800-8000-0161
036r3gx3-31b40abf2f6342e994abe8ccaa31eb02,,,,,550-5510-0242,,300-3000-0000
036r3gr4-0e69c6c84679454cafeedc7744fe7243,,,,,600-6900-0096,,800-8000-0161
036r3grm-3be0b554363e36a1ec8e8e6fa36c6f5e,,,,,550-5520-0000,,300-3000-0023
036jx7ps-7a72730b63470db704c25f9175cb380b,,,,,600-6900-0096,,800-8000-0161
036r3gnp-333475886f8c6d090770cd5b89da5fd7,,,,,600-6900-0096,,800-8000-0161
036r3gxf-cfa1807481e14384883f3ee7de04a1c3,,,,,800-8000-0340,,800-8000-0158
036r3gx2-2773af5444db4369836b596f855460fb,,,,,800-8000-0158,,800-8000-0161
036r3grm-8e143316d4007115890cae8676a58351,,,,,550-5510-0203,,300-3100-0028
0366662d-68f181f718b7b83a0f74d1601ce9edbd,,,,,200-2200-0020,,550-5520-0000
036t4x7z-ef93f58d40210dee03b4b4b581107b91,,,,,300-3000-0000,,300-3000-0023
036r3grp-290e8178ae5a6a29ff73bdbd43227884,,,,,300-3000-0000,,300-3100-0000
036r3gpu-a67e564501d38222b4996db7ff3bdc7d,,,,,550-5520-0000,,300-3000-0023
036r3gx0-412268319e664cd3b0e2f2b4a39db771,,,,,800-8200-0295,,300-3000-0024
036r3grr-615d9cbce7fd613c052eba5f2609020c,,,,,300-3000-0025,,300-3100-0000
036bdd40-84aa7e18ce02cf3b00e613b3efda2a83,,,,,300-3000-0024,,300-3000-0000
036r3gpu-475a5c10988133b11738531f166cd5f5,,,,,550-5510-0202,,550-5520-0000
036r3gx0-7863d023724609eaeb1c130f5e77b34c,,,,,550-5510-0202,,550-5520-0000
036r6584-e28564d22b08f15576caa907d9b17e1c,,,,,300-3000-0023,,550-5520-0000
036r3gx0-890a6f899602911b6ed0b136e232c38b,UPDATE,CATEGORY,TRUE,navteq-lcms,400-4100-0348,navteq-lcms,800-8500-0000
036r3gx3-f5fd1a502f0a5a96b0854905fa2ea18a,,,,,100-1000-0000,,300-3000-0000
036r3gr1-1c905f5c66ba83f7f49420a5400470c9,,,,,550-5510-0202,,550-5520-0000
0361r4ve-e11e35f65b860066f2e84728d592e361,,,,,700-7400-0145,,800-8000-0157
036r3gx2-1c46612f5d653d14b518122a86439b60,,,,,700-7200-0342,,300-3000-0024
036r3gr4-e199252d07cc4aa58b91dba9de9f9026,,,,,300-3000-0025,,300-3000-0000
036r3grp-ff60c567e8aeae3d1076e01979a7cd9a,,,,,300-3000-0024,,300-3100-0000
03651083-ae76f4747b98be3707ed489c23052cc6,,,,,300-3000-0023,,300-3000-0000
036r3grc-71cc4b55bfc74adbadc9791ed7d2a42f,UPDATE,CATEGORY,TRUE,navteq-lcms,400-4100-0348,navteq-lcms,800-8500-0000
036r3gx3-87cf9dbcfd3c1a3e7520090d56075750,UPDATE,CATEGORY,TRUE,navteq-lcms,800-8500-0177,navteq-lcms,800-8500-0000
036r3gx8-49e7a012909a4d61a86ee3f25c8f550b,,,,,700-7200-0269,,800-8100-0171
036r3grp-f0f7920e53b797812cea9ecf9b94ba08,,,,,600-6000-0061,,600-6200-0063
036c699d-191f2164fa1b2be79b7e47f1821db360,,,,,300-3100-0029,,300-3100-0000
036r3grw-14e7b80e2b9e4d41b54b00607bb96960,UPDATE,CATEGORY,TRUE,navteq-lcms,800-8500-0000,navteq-lcms,800-8500-0177
036c2a80-566e33eabdea67b165d97251a13258f9,,,,,700-7850-0000,,600-6200-0063
036r3gr5-773fd433765d452cac2c9c7920f1bff2,,,,,600-6300-0068,,300-3000-0065
036r3gqr-994f869de1fef5e209a4f01325b5b19e,,,,,300-3000-0023,,550-5520-0000
0362e8f4-088c099d8bc9ed77c47aca4e911e576c,,,,,700-7450-0114,,600-6200-0063
036r3grs-488d7b8853c7c7d1390ab7f58aad0b6a,,,,,300-3000-0024,,300-3100-0000
036r3gx3-d7f977ffc773274ab31ea4b817e24dbf,,,,,300-3000-0025,,300-3000-0000
036e5e04-69882ac0ac82ffbfddddae2acf89e65b,,,,,900-9300-0221,,800-8000-0157
036r3gx1-8146e92d1aef465fbe0637c8db9302e0,,,,,600-6800-0000,,300-3000-0023
036r3gx1-0d78e4e0536747409a44df5bc81e5f64,,,,,300-3100-0029,,300-3100-0000
036r3gxf-d2bf5e69924b97cb340f615674c2fd42,UPDATE,CATEGORY,TRUE,navteq-lcms,800-8500-0177,navteq-lcms,800-8500-0179
036r3gxf-7f61b6228d7fb5e69d39c6c79f9ffe66,,,,,550-5510-0202,,550-5520-0000
03688710-ca9b9b278502aa773ac56b38a39fbbcb,,,,,900-9300-0221,,600-6100-0062
036r3gqv-3a54594a66d041e5720e4d0d4599fa41,,,,,600-6800-0000,,550-5520-0000
036r3gqm-fc78a864b68c4f3ba2e25eeb1b9eeda8,,,,,350-3500-0302,,300-3000-0023
036r3gx8-40166d08df34211046d674816e643848,UPDATE,CATEGORY,TRUE,navteq-lcms,800-8500-0000,navteq-lcms,800-8500-0177
036r3gqb-4bdd039fff1e472a57cc90e816c03421,UPDATE,CATEGORY,TRUE,navteq-lcms,800-8500-0177,navteq-lcms,800-8500-0179
036r3gxf-07444e3f8c214a0fa3539d786e35e7e2,UPDATE,CATEGORY,TRUE,navteq-lcms,800-8500-0177,navteq-lcms,800-8500-0179
036d408k-68c21d793ec707d5d5b48593c5d4746a,,,,,300-3000-0023,,300-3000-0000
036r3grn-edee78e815ef0ae705b63c11ce40d264,,,,,550-5520-0000,,300-3000-0023
036r3gx2-1d55d89df9fc2d3660ce4b71b729c0a7,,,,,300-3000-0000,,300-3100-0000
036r3gre-94f69daf6f28d1a17d1ca9d536c7ff76,,,,,550-5510-0202,,550-5520-0000
036r3grt-1de1fa7371678f4501ece09f31599b9f,,,,,300-3000-0023,,550-5520-0000
036r3grh-b762ec080e630aabb038da3323ad60c8,,,,,600-6900-0096,,550-5520-0000
036r3gx0-91195fe5292c5cf5c5815597efc50870,,,,,700-7200-0257,,800-8100-0171
